transaction_id,date,time_of_day,item_category,size,price,payment_type,loyalty_member,location,staff_id
1,2023-12-19,Evening,Tea,Small,2.0,Cash,False,Store C,9
2,2023-12-23,Morning,Coffee,Small,3.14,Cash,True,Store A,5
3,2023-03-22,Afternoon,Pastry,Small,2.0,Mobile,True,Store A,13
4,2023-06-28,Morning,Coffee,Large,2.0,Card,False,Store B,9
5,2023-04-09,Morning,Coffee,Large,2.0,Card,True,Store C,14
6,2023-03-16,Afternoon,Coffee,Large,2.0,Mobile,False,Store C,1
7,2023-04-10,Afternoon,Pastry,Large,3.66,Card,False,Store B,13
8,2023-02-17,Morning,Coffee,Medium,2.0,Card,True,Store B,8
9,2023-11-19,Afternoon,Coffee,Large,2.0,Mobile,True,Store C,12
10,2023-12-25,Afternoon,Coffee,Medium,2.0,Card,True,Store C,2
11,2023-08-24,Afternoon,Tea,Large,9.25,Card,False,Store A,3
12,2023-02-28,Afternoon,Other,Medium,2.73,Card,False,Store C,14
13,2023-09-20,Morning,Coffee,Large,2.0,Card,True,Store A,13
14,2023-11-03,Afternoon,Pastry,Large,2.23,Card,True,Store A,4
15,2023-09-01,Afternoon,Other,Large,2.0,Mobile,True,Store A,4
16,2023-10-30,Morning,Coffee,Large,4.34,Card,False,Store C,9
17,2023-04-12,Morning,Tea,Medium,13.56,Card,False,Store B,7
18,2023-06-19,Morning,Coffee,Medium,3.93,Card,True,Store B,10
19,2023-12-05,Evening,Pastry,Small,2.0,Card,False,Store A,5
20,2023-11-26,Afternoon,Pastry,Medium,6.19,Cash,False,Store A,3
21,2023-04-15,Afternoon,Pastry,Medium,2.0,Card,False,Store C,11
22,2023-06-05,Afternoon,Pastry,Medium,2.0,Card,True,Store C,12
23,2023-10-29,Afternoon,Sandwich,Medium,7.86,Card,False,Store B,12
24,2023-08-08,Morning,Pastry,Small,2.0,,False,Store B,12
25,2023-12-05,Morning,Sandwich,Large,2.0,Card,True,Store A,13
26,2023-05-23,Afternoon,Tea,Large,3.03,Card,True,Store C,3
27,2023-10-31,Morning,Coffee,Medium,6.1,Mobile,False,Store B,4
28,2023-03-02,Evening,Coffee,Medium,9.42,Cash,True,Store B,3
29,2023-06-27,Afternoon,Coffee,Large,3.3,Mobile,False,Store B,11
30,2023-06-23,Morning,Tea,Medium,2.26,Card,True,Store C,11
31,2023-02-22,Afternoon,Coffee,Small,2.0,Card,False,Store B,10
32,2023-10-10,Afternoon,Other,Medium,2.26,Card,False,Store B,5
33,2023-11-17,Afternoon,Sandwich,Medium,2.83,Card,True,Store A,7
34,2023-07-01,Evening,Pastry,Large,3.62,Card,False,Store A,5
35,2023-08-17,Morning,Other,Medium,3.11,Card,False,Store A,13
36,2023-01-28,Afternoon,Coffee,Medium,2.0,Card,True,Store C,13
37,2023-01-13,Afternoon,Tea,Large,2.0,Card,True,Store A,5
38,2023-09-11,Afternoon,Coffee,Small,5.6,Mobile,False,Store C,1
39,2023-07-07,Morning,Pastry,Medium,2.0,Card,False,Store B,10
40,2023-02-28,Morning,Sandwich,Medium,2.0,,False,Store A,14
41,2023-12-01,Afternoon,Coffee,Large,2.0,Card,True,Store C,10
42,2023-11-15,Evening,Coffee,Medium,5.0,Card,True,Store A,12
43,2023-08-20,Morning,Coffee,Medium,2.0,Card,False,Store A,7
44,2023-10-27,Evening,Tea,Small,3.66,Card,False,Store B,1
45,2023-04-25,Evening,Coffee,Small,2.35,Cash,False,Store A,6
46,2023-09-25,Morning,Coffee,Large,13.99,Card,False,Store A,1
47,2023-02-14,Morning,Tea,Medium,2.08,Card,False,Store B,10
48,2023-12-27,Morning,Coffee,Large,2.0,Mobile,False,Store A,5
49,2023-10-15,Afternoon,Pastry,Small,6.92,Card,False,Store A,12
50,2023-11-05,Morning,Sandwich,Small,2.82,Card,False,Store A,14
51,2023-07-29,Evening,Tea,Medium,3.09,Card,True,Store C,6
52,2023-03-05,Morning,Pastry,Large,3.82,Mobile,False,Store B,3
53,2023-09-02,Morning,Coffee,Medium,2.0,,True,Store C,9
54,2023-01-31,Morning,Pastry,Medium,3.87,Card,True,Store C,9
55,2023-05-14,Afternoon,Coffee,Small,2.0,Card,False,Store C,5
56,2023-05-11,Afternoon,Coffee,Medium,2.0,Card,False,Store B,9
57,2023-03-02,Morning,Sandwich,Small,4.23,Mobile,False,Store C,2
58,2023-11-22,Evening,Sandwich,Small,2.2,Card,True,Store C,1
59,2023-09-25,Evening,Tea,Large,7.45,Card,False,Store C,3
60,2023-05-15,Evening,Coffee,Small,2.0,Card,True,Store B,3
61,2023-05-12,Morning,Pastry,Medium,7.57,Card,False,Store C,14
62,2023-12-18,Morning,Sandwich,Small,4.49,Card,False,Store A,8
63,2023-05-20,Afternoon,Tea,Medium,2.2,Card,False,Store B,2
64,2023-04-28,Morning,Sandwich,Medium,2.0,Mobile,True,Store B,12
65,2023-11-23,Afternoon,Tea,Small,2.0,Cash,False,Store A,7
66,2023-10-26,Morning,Sandwich,Large,3.48,Card,False,Store B,6
67,2023-10-13,Afternoon,Coffee,Small,3.09,Card,False,Store A,6
68,2023-04-15,Evening,Tea,Medium,2.0,Card,False,Store A,6
69,2023-02-20,Morning,Other,Medium,4.63,Cash,False,Store C,5
70,2023-04-07,Morning,Tea,Small,2.0,Mobile,True,Store A,12
71,2023-10-12,Morning,Coffee,Small,8.57,Card,True,Store C,7
72,2023-02-14,Morning,Coffee,Large,2.67,Card,True,Store C,10
73,2023-09-03,Morning,Coffee,Large,3.06,Mobile,False,Store C,12
74,2023-03-08,Afternoon,Coffee,Medium,3.79,Card,True,Store B,1
75,2023-12-28,Morning,Coffee,Medium,6.22,Cash,False,Store A,6
76,2023-10-06,Morning,Coffee,Small,5.85,Card,False,Store A,8
77,2023-07-08,Morning,Coffee,Small,6.59,Card,True,Store B,11
78,2023-08-25,Morning,Coffee,Large,3.7,Card,False,Store C,14
79,2023-03-17,Morning,Tea,Small,2.0,Card,False,Store B,13
80,2023-01-18,Morning,Coffee,Medium,5.69,Card,True,Store A,2
81,2023-02-14,Morning,Coffee,,3.05,Mobile,True,Store A,6
82,2023-10-09,Evening,Sandwich,Large,2.04,Card,True,Store A,9
83,2023-08-13,Afternoon,Sandwich,Medium,2.0,Card,True,Store C,12
84,2023-09-30,Morning,Pastry,Medium,3.08,Card,False,Store C,13
85,2023-10-02,Morning,Pastry,Small,2.0,Card,True,Store A,11
86,2023-04-15,Morning,Tea,Medium,3.84,Card,True,Store C,4
87,2023-05-03,Evening,Pastry,Small,2.0,Mobile,False,Store A,5
88,2023-08-29,Morning,Coffee,Medium,2.65,Cash,False,Store B,6
89,2023-09-30,Afternoon,Other,Small,2.0,Card,True,Store C,9
90,2023-08-20,Evening,Coffee,,2.0,Card,False,Store A,11
91,2023-06-18,Afternoon,Pastry,Medium,3.72,Card,True,Store A,12
92,2023-05-15,Afternoon,Pastry,Medium,2.0,Cash,True,Store A,12
93,2023-07-13,Afternoon,Pastry,,3.5,Card,True,Store B,2
94,2023-05-07,Morning,Tea,Small,2.0,Mobile,True,Store B,6
95,2023-11-05,Afternoon,Coffee,Medium,3.42,Cash,False,Store B,7
96,2023-06-13,Morning,Pastry,Large,12.3,Card,False,Store A,10
97,2023-08-31,Afternoon,Coffee,Medium,6.96,Card,False,Store B,6
98,2023-07-01,Afternoon,Other,Large,3.61,Card,True,Store A,9
99,2023-02-09,Afternoon,Coffee,Medium,2.0,,False,Store C,6
100,2023-04-20,Morning,Coffee,Small,2.15,Mobile,True,Store B,10
101,2023-10-06,Morning,Coffee,Small,2.0,Card,False,Store B,2
102,2023-01-06,Afternoon,Pastry,Medium,3.21,Card,False,Store C,13
103,2023-09-11,Morning,Coffee,Medium,2.0,Card,False,Store B,9
104,2023-06-12,Evening,Pastry,Large,2.0,Card,True,Store A,1
105,2023-02-02,Afternoon,Coffee,Small,3.75,Card,True,Store A,6
106,2023-05-30,Afternoon,Sandwich,Medium,2.0,Cash,False,Store A,5
107,2023-04-19,Morning,Coffee,Large,2.0,Cash,False,Store A,8
108,2023-05-12,Morning,Coffee,Medium,2.43,Cash,True,Store C,10
109,2023-08-07,Afternoon,Coffee,Medium,2.0,Card,False,Store B,12
110,2023-10-19,Morning,Other,Large,2.07,Card,False,Store A,11
111,2023-02-06,Evening,Coffee,Medium,6.62,Cash,True,Store C,9
112,2023-03-25,Evening,Coffee,Medium,9.59,Card,True,Store A,3
113,2023-02-27,Afternoon,Coffee,Medium,4.62,Cash,False,Store A,8
114,2023-10-15,Morning,Pastry,Small,3.69,Mobile,True,Store B,5
115,2023-09-10,Evening,Coffee,Medium,2.0,Card,True,Store C,10
116,2023-04-09,Morning,Coffee,Medium,2.79,Cash,False,Store A,2
117,2023-08-13,Afternoon,Coffee,Medium,2.0,Card,False,Store A,11
118,2023-07-07,Morning,Tea,Small,2.0,Card,True,Store A,11
119,2023-04-08,Afternoon,Coffee,Medium,3.0,Card,False,Store C,10
120,2023-10-05,Morning,Tea,Small,4.15,,True,Store A,2
121,2023-04-28,Evening,Coffee,Small,3.3,Cash,True,Store A,9
122,2023-05-16,Morning,Coffee,,2.09,Card,False,Store A,8
123,2023-09-22,Morning,Coffee,Medium,2.0,Mobile,True,Store A,13
124,2023-03-08,Evening,Pastry,Medium,3.95,Card,False,Store A,9
125,2023-10-26,Morning,Coffee,Large,3.39,Card,True,Store A,8
126,2023-08-06,Afternoon,Pastry,Small,2.0,,False,Store C,7
127,2023-01-13,Morning,Coffee,Medium,2.0,Card,True,Store B,8
128,2023-04-28,Morning,Sandwich,Large,2.0,Card,True,Store A,3
129,2023-04-04,Afternoon,Coffee,Small,6.82,,True,Store A,2
130,2023-10-22,Morning,Pastry,Small,2.0,Card,False,Store B,8
131,2023-10-11,Afternoon,Coffee,Small,2.86,Card,True,Store C,3
132,2023-03-28,Morning,Pastry,Large,2.77,Card,False,Store A,3
133,2023-12-31,Afternoon,Pastry,Medium,2.72,Card,False,Store C,3
134,2023-12-29,Afternoon,Coffee,Medium,5.75,Card,True,Store C,13
135,2023-06-12,Afternoon,Coffee,Small,2.07,Card,True,Store C,1
136,2023-07-03,Morning,Coffee,Medium,2.12,Card,False,Store B,7
137,2023-12-21,Morning,Sandwich,Medium,4.97,Mobile,True,Store C,1
138,2023-01-25,Afternoon,Coffee,Medium,2.05,Cash,False,Store C,8
139,2023-11-16,Evening,Tea,Large,2.0,,False,Store B,1
140,2023-04-03,Morning,Coffee,Small,2.0,Cash,False,Store B,1
141,2023-07-29,Evening,Coffee,Medium,2.0,Card,True,Store C,5
142,2023-04-29,Evening,Pastry,Medium,7.49,Card,True,Store B,2
143,2023-06-22,Morning,Coffee,Large,2.21,Card,True,Store B,1
144,2023-02-03,Morning,Coffee,Medium,2.25,Cash,False,Store C,5
145,2023-02-13,Morning,Tea,Medium,6.09,Card,False,Store B,3
146,2023-11-27,Morning,Pastry,Small,2.0,Card,False,Store A,8
147,2023-02-22,Evening,Tea,Small,3.13,Card,False,Store B,4
148,2023-04-08,Morning,Coffee,Small,3.19,Card,True,Store B,4
149,2023-09-20,Afternoon,Pastry,Medium,2.1,Card,False,Store A,5
150,2023-09-28,Afternoon,Sandwich,Small,2.79,Cash,True,Store B,13
151,2023-02-12,Afternoon,Tea,Medium,4.5,Card,False,Store B,7
152,2023-02-07,Afternoon,Sandwich,Small,2.0,Mobile,False,Store B,14
153,2023-03-19,Evening,Coffee,Small,3.84,Card,True,Store B,2
154,2023-07-21,Afternoon,Coffee,Large,2.0,Cash,True,Store A,4
155,2023-06-05,Afternoon,Coffee,Large,2.0,Card,True,Store A,10
156,2023-04-05,Afternoon,Pastry,Small,2.0,Cash,True,Store C,3
157,2023-10-07,Morning,Coffee,Small,2.0,Card,False,Store B,11
158,2023-11-04,Afternoon,Coffee,Medium,2.0,Card,False,Store C,1
159,2023-01-01,Afternoon,Pastry,Large,5.36,Cash,False,Store A,1
160,2023-01-08,Afternoon,Tea,Small,2.0,Card,True,Store B,7
161,2023-01-30,Morning,Tea,Small,2.0,Mobile,False,Store C,7
162,2023-08-12,Morning,Coffee,Large,2.0,Card,False,Store B,14
163,2023-10-21,Morning,Sandwich,Medium,5.75,Card,False,Store A,5
164,2023-08-16,Morning,Coffee,Large,2.0,Mobile,False,Store A,9
165,2023-07-19,Morning,Coffee,,2.0,Card,True,Store B,10
166,2023-12-12,Evening,Coffee,Medium,4.36,Card,False,Store B,2
167,2023-03-30,Morning,Coffee,Medium,2.0,Cash,False,Store C,9
168,2023-12-31,Morning,Coffee,Medium,7.96,Card,False,Store A,8
169,2023-10-23,Evening,Coffee,Medium,2.0,Mobile,True,Store C,4
170,2023-07-09,Evening,Coffee,Medium,4.35,Card,False,Store C,13
171,2023-10-04,Afternoon,Coffee,Medium,2.01,Card,True,Store B,4
172,2023-09-18,Morning,Pastry,Large,2.0,Cash,True,Store C,10
173,2023-03-06,Evening,Coffee,Medium,4.48,Card,True,Store B,2
174,2023-11-11,Afternoon,Coffee,Medium,2.0,Cash,True,Store C,4
175,2023-08-25,Afternoon,Sandwich,Large,2.25,Cash,False,Store A,8
176,2023-09-16,Afternoon,Coffee,Medium,2.67,Card,True,Store A,5
177,2023-09-01,Morning,Coffee,,2.0,Card,True,Store C,7
178,2023-08-03,Morning,Coffee,Small,2.0,Cash,False,Store A,3
179,2023-04-24,Evening,Coffee,Small,5.78,Card,True,Store C,9
180,2023-08-28,Morning,Tea,Small,3.93,Card,False,Store B,6
181,2023-12-26,Morning,Sandwich,,4.37,Card,True,Store B,13
182,2023-03-03,Afternoon,Coffee,Large,2.0,Card,True,Store A,2
183,2023-12-16,Afternoon,Sandwich,Medium,2.54,Card,False,Store B,11
184,2023-05-14,Evening,Pastry,Small,2.0,Card,False,Store B,1
185,2023-02-02,Morning,Tea,Small,6.13,Card,False,Store C,1
186,2023-08-12,Afternoon,Tea,Medium,13.45,Cash,True,Store C,13
187,2023-11-15,Morning,Tea,Medium,4.48,Card,True,Store A,9
188,2023-10-17,Evening,Coffee,Medium,3.41,Mobile,False,Store B,7
189,2023-07-05,Afternoon,Tea,Medium,2.03,Mobile,True,Store A,10
190,2023-05-14,Morning,Coffee,Medium,4.72,Card,False,Store C,14
191,2023-03-13,Afternoon,Coffee,Medium,6.7,Cash,False,Store C,14
192,2023-08-13,Afternoon,Coffee,Medium,2.0,Cash,False,Store B,5
193,2023-09-25,Morning,Tea,,7.76,Card,True,Store B,11
194,2023-10-19,Morning,Coffee,Small,2.0,Mobile,False,Store B,6
195,2023-09-18,Morning,Coffee,Large,2.0,Mobile,False,Store A,4
196,2023-08-08,Afternoon,Coffee,Small,2.0,Card,True,Store A,1
197,2023-12-16,Morning,Sandwich,Medium,2.0,Cash,False,Store C,1
198,2023-05-04,Morning,Pastry,Large,2.0,Mobile,True,Store C,13
199,2023-11-18,Afternoon,Coffee,Large,3.42,Mobile,False,Store B,7
200,2023-06-10,Afternoon,Sandwich,Medium,2.0,Card,False,Store C,5
201,2023-07-14,Morning,Tea,Medium,2.0,Mobile,False,Store A,13
202,2023-04-06,Morning,Coffee,Large,5.66,Card,False,Store A,7
203,2023-04-30,Afternoon,Coffee,Medium,2.0,Card,True,Store B,10
204,2023-01-10,Evening,Coffee,Medium,3.34,Cash,True,Store A,14
205,2023-05-23,Morning,Coffee,Medium,4.25,Mobile,True,Store C,14
206,2023-04-25,Evening,Coffee,Medium,12.25,Card,False,Store C,5
207,2023-12-14,Afternoon,Coffee,Small,2.67,Card,True,Store C,1
208,2023-10-05,Afternoon,Coffee,Large,2.0,Card,True,Store C,6
209,2023-08-06,Morning,Sandwich,Medium,2.0,Card,False,Store C,5
210,2023-01-24,Afternoon,Coffee,Small,2.0,Card,False,Store B,12
211,2023-03-03,Morning,Pastry,Small,2.0,Card,False,Store C,11
212,2023-08-31,Afternoon,Sandwich,Large,3.24,Card,True,Store A,12
213,2023-03-25,Afternoon,Coffee,Large,4.8,Card,True,Store B,10
214,2023-02-16,Morning,Other,Medium,5.01,Mobile,False,Store B,8
215,2023-03-15,Afternoon,Coffee,Small,2.0,Card,False,Store C,13
216,2023-06-25,Afternoon,Pastry,Large,2.0,Card,False,Store A,13
217,2023-08-03,Morning,Other,Medium,2.0,Mobile,True,Store C,14
218,2023-09-03,Afternoon,Coffee,Small,4.91,,False,Store B,4
219,2023-03-03,Morning,Coffee,Large,6.9,Card,True,Store C,13
220,2023-11-03,Morning,Pastry,Medium,4.26,Card,True,Store C,7
221,2023-11-11,Afternoon,Pastry,Medium,6.69,Mobile,False,Store C,7
222,2023-01-31,Morning,Sandwich,Small,2.57,Mobile,False,Store C,14
223,2023-06-27,Morning,Pastry,Medium,2.0,Card,False,Store C,12
224,2023-02-02,Morning,Coffee,Medium,3.67,Card,True,Store C,10
225,2023-05-10,Morning,Pastry,Large,6.23,Mobile,False,Store C,6
226,2023-03-03,Morning,Tea,Medium,2.0,Card,True,Store B,1
227,2023-04-08,Afternoon,Coffee,Small,2.0,Cash,True,Store B,11
228,2023-08-14,Morning,Coffee,Medium,2.83,Card,True,Store A,5
229,2023-11-25,Afternoon,Coffee,Medium,2.0,Card,True,Store C,8
230,2023-03-30,Afternoon,Coffee,Medium,3.84,Card,False,Store B,2
231,2023-08-19,Afternoon,Coffee,Large,3.02,Card,False,Store B,7
232,2023-09-27,Morning,Pastry,Small,2.0,Card,False,Store A,12
233,2023-07-05,Afternoon,Sandwich,Medium,2.57,Card,True,Store B,2
234,2023-10-08,Morning,Coffee,Medium,2.15,Card,False,Store B,9
235,2023-08-19,Afternoon,Tea,Medium,12.39,Card,True,Store B,5
236,2023-06-09,Afternoon,Coffee,Medium,3.46,Cash,False,Store B,4
237,2023-04-15,Morning,Tea,Medium,7.16,Card,True,Store B,10
238,2023-02-22,Morning,Pastry,Medium,2.0,Cash,True,Store A,4
239,2023-09-02,Morning,Tea,Medium,2.0,Card,False,Store C,13
240,2023-04-20,Morning,Tea,,2.03,Cash,False,Store C,13
241,2023-05-18,Afternoon,Pastry,Small,3.42,Cash,False,Store C,7
242,2023-09-09,Afternoon,Coffee,Medium,2.0,,False,Store C,4
243,2023-08-29,Morning,Tea,Small,2.0,Mobile,True,Store B,2
244,2023-01-21,Morning,Coffee,,3.8,Card,False,Store A,11
245,2023-07-27,Morning,Coffee,Medium,4.4,Mobile,False,Store C,2
246,2023-09-21,Afternoon,Coffee,Medium,3.44,Mobile,False,Store B,13
247,2023-12-19,Afternoon,Pastry,Small,2.03,Cash,True,Store A,13
248,2023-08-04,Afternoon,Coffee,Large,2.0,Card,False,Store A,14
249,2023-11-03,Evening,Pastry,Large,2.1,Card,False,Store B,5
250,2023-12-01,Afternoon,Coffee,Medium,2.0,Card,False,Store C,10
251,2023-12-11,Morning,Coffee,Medium,2.0,Cash,False,Store C,4
252,2023-08-07,Afternoon,Pastry,Medium,2.0,Mobile,False,Store B,11
253,2023-06-02,Afternoon,Pastry,Medium,2.0,Cash,True,Store C,11
254,2023-07-03,Evening,Coffee,Medium,5.6,Card,False,Store C,10
255,2023-09-12,Afternoon,Coffee,Large,3.75,Mobile,False,Store A,5
256,2023-10-01,Afternoon,Tea,Small,7.28,Card,False,Store A,9
257,2023-12-22,Evening,Sandwich,Small,3.4,Cash,True,Store A,12
258,2023-12-14,Afternoon,Coffee,Medium,4.19,Card,False,Store A,1
259,2023-05-22,Morning,Coffee,Medium,7.55,Card,False,Store B,12
260,2023-06-29,Morning,Coffee,Medium,2.73,Cash,False,Store B,11
261,2023-10-11,Morning,Coffee,Medium,3.12,Card,False,Store C,13
262,2023-07-26,Morning,Tea,Medium,2.52,Card,False,Store C,7
263,2023-09-10,Morning,Pastry,Medium,2.82,Card,False,Store C,9
264,2023-06-07,Afternoon,Coffee,Medium,5.32,Card,True,Store A,11
265,2023-09-18,Morning,Sandwich,,3.09,Mobile,False,Store C,4
266,2023-07-15,Afternoon,Pastry,Large,2.77,Card,True,Store A,7
267,2023-03-12,Morning,Tea,Small,2.0,Card,False,Store B,9
268,2023-06-16,Morning,Coffee,Large,4.01,Card,True,Store B,14
269,2023-06-12,Afternoon,Coffee,Small,2.0,Card,False,Store C,5
270,2023-04-02,Afternoon,Pastry,Medium,3.85,Card,False,Store B,14
271,2023-10-20,Morning,Pastry,Small,7.4,Cash,False,Store C,14
272,2023-11-20,Evening,Coffee,Large,5.5,,True,Store C,4
273,2023-11-10,Morning,Coffee,Large,2.0,Cash,True,Store B,9
274,2023-04-24,Evening,Pastry,Medium,2.69,Card,True,Store C,9
275,2023-09-24,Evening,Coffee,Medium,5.65,Card,False,Store B,7
276,2023-09-17,Afternoon,Coffee,Small,3.53,Card,False,Store C,10
277,2023-11-20,Morning,Coffee,Medium,2.0,Card,False,Store B,2
278,2023-03-31,Evening,Pastry,Small,3.81,Card,True,Store C,14
279,2023-03-14,Afternoon,Coffee,Medium,2.0,Card,True,Store C,1
280,2023-03-18,Afternoon,Pastry,Large,8.42,Card,False,Store A,9
281,2023-06-29,Morning,Sandwich,Large,2.0,Card,True,Store A,13
282,2023-03-20,Morning,Coffee,Medium,3.57,Mobile,False,Store C,8
283,2023-12-29,Morning,Other,Medium,2.0,Card,False,Store A,5
284,2023-06-04,Afternoon,Coffee,,2.0,Card,True,Store B,14
285,2023-09-22,Evening,Sandwich,Large,6.04,Card,False,Store B,5
286,2023-01-18,Afternoon,Coffee,Medium,12.58,Card,False,Store A,14
287,2023-08-12,Morning,Tea,Medium,2.0,Mobile,True,Store A,12
288,2023-06-15,Afternoon,Pastry,Small,2.15,Cash,False,Store C,4
289,2023-10-21,Morning,Coffee,Small,7.5,Card,False,Store C,8
290,2023-06-18,Morning,Coffee,Large,2.0,Card,False,Store C,12
291,2023-01-10,Afternoon,Coffee,Small,2.0,Card,False,Store C,8
292,2023-05-15,Evening,Pastry,Small,4.25,Card,True,Store A,11
293,2023-03-20,Morning,Coffee,Medium,2.68,Card,False,Store B,12
294,2023-05-19,Morning,Coffee,Small,2.32,Cash,False,Store A,13
295,2023-07-11,Morning,Coffee,Large,2.0,Cash,False,Store C,4
296,2023-02-12,Morning,Coffee,Small,2.0,Card,False,Store B,7
297,2023-12-05,Morning,Coffee,Large,3.41,Card,True,Store A,5
298,2023-06-09,Afternoon,Coffee,Medium,5.09,Card,True,Store A,13
299,2023-03-13,Morning,Coffee,Medium,3.37,Card,False,Store A,10
300,2023-02-20,Morning,Sandwich,Medium,2.0,Card,True,Store A,13
301,2023-05-10,Afternoon,Sandwich,Large,2.0,Cash,False,Store C,9
302,2023-06-23,Morning,Tea,Medium,2.0,Card,False,Store B,9
303,2023-09-12,Afternoon,Other,Small,2.0,Card,True,Store A,9
304,2023-07-23,Morning,Pastry,Large,2.0,Card,False,Store C,7
305,2023-11-14,Morning,Coffee,Small,2.0,Card,False,Store A,4
306,2023-09-23,Evening,Coffee,,3.33,Mobile,True,Store A,13
307,2023-01-12,Morning,Coffee,Medium,2.25,Card,True,Store C,3
308,2023-05-04,Afternoon,Coffee,Large,7.05,Card,False,Store C,6
309,2023-06-27,Afternoon,Tea,Small,2.0,Card,True,Store A,5
310,2023-10-19,Afternoon,Pastry,Medium,2.0,Mobile,True,Store C,11
311,2023-02-14,Morning,Sandwich,Small,7.28,Card,True,Store A,12
312,2023-06-23,Morning,Pastry,Large,5.6,Card,False,Store C,2
313,2023-03-22,Morning,Coffee,Medium,5.51,Card,False,Store B,7
314,2023-06-13,Afternoon,Coffee,Small,2.0,Cash,True,Store C,10
315,2023-06-19,Morning,Coffee,Small,2.0,Card,False,Store B,5
316,2023-12-18,Morning,Other,Medium,2.0,Mobile,True,Store A,4
317,2023-03-29,Afternoon,Coffee,Small,4.01,Card,True,Store C,13
318,2023-12-07,Afternoon,Coffee,Medium,2.0,Card,False,Store B,11
319,2023-12-18,Afternoon,Pastry,Medium,2.0,Cash,False,Store C,5
320,2023-02-23,Morning,Coffee,Small,2.0,Card,False,Store B,2
321,2023-01-15,Afternoon,Pastry,Small,2.0,Card,True,Store B,9
322,2023-06-08,Afternoon,Pastry,Medium,3.56,Card,True,Store A,8
323,2023-01-19,Morning,Coffee,Large,4.05,Card,False,Store C,12
324,2023-07-21,Afternoon,Coffee,Small,2.76,Card,False,Store A,3
325,2023-03-14,Morning,Coffee,Large,2.37,Card,False,Store A,9
326,2023-04-26,Evening,Coffee,Medium,4.92,Card,True,Store B,2
327,2023-03-03,Afternoon,Other,Medium,3.98,Card,True,Store A,2
328,2023-08-13,Morning,Coffee,Medium,2.0,Card,True,Store B,14
329,2023-10-31,Afternoon,Sandwich,Small,5.16,Mobile,False,Store A,5
330,2023-06-27,Morning,Tea,Small,2.0,Cash,False,Store A,6
331,2023-12-17,Morning,Other,Medium,2.0,Mobile,True,Store C,4
332,2023-06-01,Morning,Coffee,Small,2.0,Card,False,Store C,13
333,2023-11-18,Afternoon,Pastry,Medium,2.0,Mobile,False,Store B,7
334,2023-09-19,Morning,Coffee,Medium,3.14,Card,False,Store A,12
335,2023-10-16,Morning,Coffee,Large,2.72,Card,True,Store A,7
336,2023-09-07,Afternoon,Pastry,Medium,2.0,,True,Store B,12
337,2023-07-03,Morning,Sandwich,,3.76,Cash,False,Store B,10
338,2023-02-20,Morning,Coffee,Medium,2.0,Mobile,False,Store C,1
339,2023-11-19,Afternoon,Tea,Large,3.1,Card,False,Store C,8
340,2023-06-10,Afternoon,Pastry,Large,3.91,Card,True,Store C,13
341,2023-01-04,Afternoon,Pastry,Large,2.0,Card,True,Store B,8
342,2023-06-15,Morning,Coffee,Small,2.0,Mobile,True,Store C,6
343,2023-09-20,Afternoon,Sandwich,Small,2.0,Card,False,Store A,7
344,2023-02-10,Morning,Coffee,Medium,3.71,,False,Store B,12
345,2023-03-13,Morning,Coffee,Medium,2.89,Card,False,Store C,10
346,2023-05-19,Morning,Coffee,Medium,2.93,Cash,False,Store C,11
347,2023-04-29,Afternoon,Tea,Medium,2.0,Card,False,Store B,2
348,2023-01-05,Morning,Coffee,Medium,2.0,Cash,True,Store C,13
349,2023-03-17,Morning,Sandwich,,2.17,Card,False,Store C,3
350,2023-06-08,Morning,Coffee,Medium,2.61,Mobile,True,Store C,7
351,2023-12-06,Afternoon,Coffee,Small,2.87,Card,True,Store C,9
352,2023-05-23,Evening,Coffee,Large,9.05,Card,False,Store B,6
353,2023-11-17,Morning,Sandwich,Small,2.0,Card,False,Store C,2
354,2023-10-17,Afternoon,Coffee,Large,2.0,,False,Store B,13
355,2023-03-28,Evening,Other,Medium,2.36,Cash,True,Store B,8
356,2023-03-31,Afternoon,Sandwich,Large,4.49,Card,True,Store C,6
357,2023-03-23,Morning,Sandwich,Medium,2.8,Card,False,Store C,7
358,2023-07-06,Evening,Tea,Small,2.0,Cash,True,Store C,7
359,2023-10-22,Afternoon,Other,Medium,2.7,Cash,False,Store B,12
360,2023-03-28,Afternoon,Coffee,Medium,7.84,Mobile,True,Store B,13
361,2023-03-11,Afternoon,Coffee,Large,4.24,Cash,False,Store A,6
362,2023-02-13,Morning,Pastry,Small,2.84,Card,True,Store B,10
363,2023-10-01,Afternoon,Pastry,Medium,2.18,Card,True,Store B,13
364,2023-07-31,Afternoon,Pastry,Large,2.41,Cash,True,Store A,2
365,2023-10-27,Evening,Pastry,Large,2.0,Mobile,False,Store B,9
366,2023-08-20,Afternoon,Pastry,Large,2.0,Card,True,Store C,1
367,2023-05-25,Evening,Pastry,Medium,3.07,Mobile,True,Store B,8
368,2023-11-07,Morning,Other,Medium,2.0,Card,True,Store B,8
369,2023-02-05,Morning,Tea,Medium,9.51,Cash,False,Store B,7
370,2023-06-26,Morning,Tea,Medium,6.53,Card,True,Store A,6
371,2023-02-25,Evening,Coffee,Small,2.0,Card,False,Store A,10
372,2023-11-12,Afternoon,Coffee,Small,2.0,Card,True,Store C,11
373,2023-01-03,Evening,Tea,Medium,6.4,Card,False,Store B,9
374,2023-10-29,Evening,Coffee,Large,2.0,Card,True,Store C,12
375,2023-11-12,Evening,Other,Medium,2.0,Cash,True,Store A,14
376,2023-10-16,Morning,Coffee,Large,2.0,,True,Store C,5
377,2023-12-28,Morning,Other,Small,2.33,Card,False,Store A,3
378,2023-12-03,Evening,Coffee,Medium,4.26,Card,False,Store A,13
379,2023-01-26,Afternoon,Pastry,Small,2.0,Mobile,True,Store C,6
380,2023-05-21,Morning,Coffee,Medium,4.87,Mobile,False,Store B,4
381,2023-08-03,Morning,Coffee,Small,2.0,Mobile,True,Store A,11
382,2023-10-13,Morning,Coffee,Medium,2.22,Mobile,False,Store C,9
383,2023-07-15,Afternoon,Other,Small,4.19,Card,True,Store A,7
384,2023-07-19,Morning,Tea,Medium,2.0,Cash,True,Store B,2
385,2023-08-11,Afternoon,Pastry,Medium,2.77,Card,True,Store C,11
386,2023-07-07,Morning,Sandwich,Medium,4.48,Cash,False,Store A,11
387,2023-01-08,Afternoon,Coffee,Small,7.02,Cash,True,Store A,8
388,2023-03-09,Afternoon,Pastry,Medium,2.28,Card,True,Store A,10
389,2023-03-30,Morning,Coffee,Small,2.52,Card,True,Store A,13
390,2023-03-20,Morning,Coffee,Large,2.87,Cash,True,Store A,8
391,2023-10-17,Morning,Coffee,Medium,2.0,Mobile,True,Store A,3
392,2023-06-17,Evening,Sandwich,Large,4.22,Cash,False,Store B,13
393,2023-06-27,Morning,Coffee,Large,2.37,Card,True,Store C,12
394,2023-02-19,Evening,Coffee,Medium,2.76,Cash,True,Store B,10
395,2023-07-29,Evening,Coffee,Small,2.0,Card,False,Store B,2
396,2023-04-21,Afternoon,Coffee,Medium,2.0,Mobile,False,Store B,11
397,2023-09-02,Afternoon,Coffee,Medium,2.0,Card,True,Store B,6
398,2023-05-23,Afternoon,Tea,Large,10.87,Cash,True,Store B,4
399,2023-01-04,Morning,Tea,,5.21,Mobile,True,Store C,11
400,2023-07-17,Morning,Coffee,Large,2.0,Card,True,Store C,4
401,2023-10-11,Morning,Other,Large,2.0,Card,False,Store A,6
402,2023-02-10,Morning,Coffee,Medium,3.27,Cash,False,Store B,12
403,2023-07-25,Evening,Pastry,Large,3.26,Card,True,Store B,13
404,2023-01-05,Morning,Sandwich,Large,2.0,Cash,True,Store B,1
405,2023-05-23,Morning,Coffee,Medium,3.09,Mobile,False,Store A,13
406,2023-05-04,Morning,Coffee,Large,4.53,Card,True,Store C,7
407,2023-02-02,Morning,Coffee,Large,3.79,Card,True,Store B,3
408,2023-03-10,Morning,Pastry,Medium,2.0,Cash,True,Store C,9
409,2023-02-07,Afternoon,Tea,Medium,2.09,Card,True,Store C,7
410,2023-05-24,Afternoon,Coffee,Medium,5.78,Card,True,Store C,2
411,2023-11-17,Morning,Coffee,Medium,3.58,Card,True,Store A,12
412,2023-03-12,Evening,Tea,Medium,6.23,Card,True,Store C,6
413,2023-07-15,Afternoon,Coffee,Medium,5.38,Cash,False,Store B,2
414,2023-06-25,Afternoon,Pastry,Medium,2.0,Card,False,Store C,12
415,2023-04-04,Morning,Coffee,Large,2.0,Mobile,True,Store A,2
416,2023-07-24,Afternoon,Tea,Medium,2.14,Card,False,Store A,10
417,2023-12-13,Morning,Coffee,Small,6.5,Card,True,Store C,2
418,2023-11-05,Morning,Coffee,Small,2.56,Cash,False,Store C,8
419,2023-06-23,Afternoon,Pastry,Large,2.79,Card,True,Store C,9
420,2023-03-17,Morning,Coffee,Small,2.0,Card,True,Store B,4
421,2023-09-17,Afternoon,Pastry,Medium,2.0,Card,True,Store C,12
422,2023-09-24,Afternoon,Coffee,,4.07,Card,True,Store A,6
423,2023-08-21,Morning,Sandwich,,2.0,Card,False,Store A,2
424,2023-05-25,Afternoon,Coffee,Large,3.3,Card,True,Store C,7
425,2023-05-23,Morning,Pastry,Medium,2.0,Cash,False,Store A,12
426,2023-11-23,Afternoon,Tea,Medium,2.0,Card,False,Store B,13
427,2023-07-21,Afternoon,Coffee,Large,3.22,Cash,True,Store C,9
428,2023-07-02,Morning,Coffee,Medium,8.4,Card,False,Store B,6
429,2023-01-31,Afternoon,Coffee,Medium,4.99,Card,True,Store B,9
430,2023-03-09,Evening,Pastry,Large,3.8,Card,False,Store B,13
431,2023-10-25,Morning,Pastry,Medium,2.0,Card,False,Store C,9
432,2023-10-15,Morning,Coffee,Small,4.16,Cash,False,Store A,13
433,2023-01-02,Afternoon,Pastry,Small,3.5,Card,False,Store B,13
434,2023-08-13,Evening,Pastry,Large,3.08,Card,True,Store B,3
435,2023-08-26,Afternoon,Sandwich,Medium,4.82,Card,True,Store B,13
436,2023-06-22,Morning,Sandwich,Medium,2.0,Card,True,Store B,14
437,2023-09-20,Morning,Coffee,Medium,2.0,Card,False,Store C,1
438,2023-05-26,Afternoon,Coffee,Large,8.95,Card,True,Store C,9
439,2023-04-12,Morning,Sandwich,Large,2.0,Card,False,Store B,2
440,2023-06-14,Afternoon,Pastry,Medium,10.29,Card,False,Store A,12
441,2023-01-12,Morning,Coffee,Large,2.0,Card,False,Store C,11
442,2023-09-20,Afternoon,Pastry,Large,3.18,Card,False,Store A,6
443,2023-05-20,Morning,Coffee,Medium,3.71,Card,True,Store B,5
444,2023-03-19,Morning,Coffee,Large,2.0,,True,Store B,14
445,2023-01-24,Morning,Tea,,2.0,Card,True,Store C,14
446,2023-04-07,Afternoon,Other,Medium,2.0,Card,False,Store C,3
447,2023-02-21,Morning,Coffee,Large,5.63,Card,True,Store B,12
448,2023-09-06,Morning,Coffee,Medium,5.29,Cash,False,Store A,7
449,2023-11-26,Afternoon,Pastry,Medium,3.62,Mobile,False,Store B,3
450,2023-10-11,Morning,Coffee,Medium,2.0,Card,True,Store B,6
451,2023-03-06,Morning,Other,Large,2.0,Card,False,Store A,11
452,2023-10-21,Evening,Coffee,Small,2.03,Card,True,Store B,4
453,2023-10-23,Afternoon,Coffee,Small,2.0,Card,True,Store B,7
454,2023-04-12,Evening,Coffee,Large,2.0,Card,False,Store B,2
455,2023-05-11,Evening,Coffee,Medium,8.74,Card,False,Store A,12
456,2023-04-03,Afternoon,Coffee,,6.56,Cash,True,Store B,12
457,2023-06-27,Morning,Pastry,Medium,2.0,Card,False,Store A,4
458,2023-03-11,Morning,Sandwich,Medium,4.5,Cash,False,Store C,3
459,2023-03-03,Afternoon,Coffee,Medium,2.0,Card,False,Store A,13
460,2023-09-17,Afternoon,Pastry,Small,3.81,Card,False,Store C,6
461,2023-04-16,Morning,Sandwich,Medium,2.0,Card,True,Store C,1
462,2023-03-20,Morning,Other,Small,4.22,Card,True,Store B,5
463,2023-04-20,Morning,Pastry,Small,2.0,Mobile,True,Store A,13
464,2023-07-03,Morning,Coffee,Large,4.82,Card,False,Store C,11
465,2023-09-11,Afternoon,Pastry,Medium,3.84,Cash,False,Store C,6
466,2023-01-27,Afternoon,Coffee,Large,2.0,Card,True,Store C,11
467,2023-07-23,Morning,Pastry,,4.97,Card,False,Store B,12
468,2023-01-26,Afternoon,Sandwich,Medium,2.29,Card,False,Store B,12
469,2023-04-30,Morning,Tea,Small,4.08,Mobile,True,Store A,11
470,2023-10-10,Afternoon,Pastry,Small,2.0,Card,False,Store C,2
471,2023-06-25,Morning,Pastry,Large,3.83,Card,True,Store C,3
472,2023-12-02,Evening,Pastry,Medium,6.49,Mobile,False,Store A,7
473,2023-08-17,Afternoon,Coffee,Medium,2.57,Card,False,Store C,5
474,2023-07-25,Evening,Sandwich,Medium,4.23,Card,False,Store C,12
475,2023-10-15,Afternoon,Sandwich,Large,3.71,Card,False,Store B,3
476,2023-04-18,Morning,Pastry,Small,2.0,Mobile,False,Store B,14
477,2023-01-20,Evening,Coffee,Medium,2.0,Card,False,Store C,13
478,2023-05-21,Afternoon,Tea,Medium,3.24,Card,False,Store B,11
479,2023-12-23,Afternoon,Pastry,Large,5.48,Card,False,Store C,8
480,2023-12-23,Afternoon,Pastry,Medium,2.0,Card,False,Store C,7
481,2023-10-18,Afternoon,Sandwich,Small,6.22,Cash,False,Store C,8
482,2023-02-08,Morning,Sandwich,Medium,6.15,Card,True,Store C,13
483,2023-06-28,Morning,Sandwich,,2.0,Card,False,Store C,8
484,2023-07-06,Morning,Sandwich,Medium,2.0,Cash,False,Store B,7
485,2023-05-13,Morning,Coffee,Small,6.55,Card,False,Store B,4
486,2023-09-22,Morning,Coffee,Small,2.0,Card,False,Store B,8
487,2023-01-06,Morning,Coffee,Small,3.89,Card,False,Store C,4
488,2023-10-24,Evening,Coffee,Medium,2.11,Cash,False,Store A,11
489,2023-04-21,Morning,Pastry,Small,2.0,Card,False,Store C,10
490,2023-12-16,Morning,Coffee,,2.0,Card,True,Store B,13
491,2023-12-15,Morning,Coffee,,4.76,Card,False,Store C,2
492,2023-05-31,Afternoon,Coffee,Small,2.87,Cash,False,Store B,11
493,2023-09-01,Evening,Tea,Small,3.18,Card,False,Store A,6
494,2023-10-05,Afternoon,Pastry,Small,2.52,Mobile,False,Store C,8
495,2023-03-26,Morning,Coffee,Small,2.02,Card,True,Store C,3
496,2023-07-17,Afternoon,Coffee,Medium,9.39,Cash,False,Store A,10
497,2023-09-12,Morning,Tea,Large,2.0,Card,False,Store B,14
498,2023-08-02,Morning,Sandwich,Small,2.0,Mobile,True,Store C,11
499,2023-09-04,Afternoon,Coffee,Small,2.04,Card,False,Store A,11
500,2023-11-15,Morning,Pastry,Medium,2.0,Card,False,Store A,8
501,2023-02-15,Morning,Coffee,Large,2.8,Card,True,Store B,5
502,2023-02-08,Morning,Tea,Small,5.77,Card,False,Store A,6
503,2023-05-26,Morning,Pastry,Large,4.57,Card,False,Store C,2
504,2023-08-10,Afternoon,Coffee,Medium,6.14,Card,True,Store C,3
505,2023-06-10,Morning,Coffee,Medium,3.15,,True,Store A,12
506,2023-11-22,Morning,Pastry,Small,3.65,Card,True,Store A,2
507,2023-06-14,Morning,Coffee,Small,4.31,Cash,True,Store B,6
508,2023-11-20,Morning,Pastry,Large,2.0,Card,False,Store A,6
509,2023-06-14,Morning,Pastry,Medium,2.0,Card,True,Store C,7
510,2023-04-23,Afternoon,Pastry,Large,2.14,Mobile,False,Store C,6
511,2023-04-07,Morning,Pastry,Small,3.23,Mobile,False,Store B,6
512,2023-12-24,Morning,Pastry,Small,2.0,Card,False,Store A,13
513,2023-09-12,Morning,Pastry,Medium,3.84,Card,True,Store B,9
514,2023-06-11,Afternoon,Coffee,Large,7.1,Card,True,Store C,8
515,2023-03-15,Morning,Sandwich,Large,2.0,Mobile,False,Store B,10
516,2023-11-15,Evening,Other,Small,2.0,Card,False,Store A,5
517,2023-03-19,Evening,Pastry,Medium,2.07,Cash,False,Store A,9
518,2023-11-30,Morning,Coffee,Small,2.83,Card,True,Store C,10
519,2023-09-09,Morning,Coffee,Medium,2.0,Card,False,Store C,10
520,2023-07-18,Afternoon,Coffee,Medium,9.27,Card,True,Store A,6
521,2023-07-27,Afternoon,Tea,Medium,2.0,Mobile,True,Store B,1
522,2023-05-01,Afternoon,Pastry,Medium,2.2,Card,True,Store C,10
523,2023-07-16,Afternoon,Coffee,Medium,3.01,Card,True,Store A,3
524,2023-01-28,Morning,Coffee,Small,2.0,Card,True,Store C,2
525,2023-10-23,Morning,Tea,Medium,2.23,Card,True,Store B,2
526,2023-07-05,Morning,Coffee,Medium,10.78,Cash,False,Store B,5
527,2023-05-15,Morning,Coffee,Medium,2.84,Cash,True,Store B,2
528,2023-02-17,Afternoon,Pastry,Medium,3.42,Card,False,Store B,5
529,2023-06-29,Morning,Pastry,Medium,2.77,Card,True,Store C,5
530,2023-11-11,Afternoon,Sandwich,Medium,2.78,Card,False,Store C,8
531,2023-09-27,Evening,Sandwich,Medium,2.0,Card,False,Store C,4
532,2023-12-03,Morning,Pastry,Medium,2.0,Card,True,Store C,12
533,2023-07-06,Morning,Sandwich,Small,2.53,Card,False,Store A,7
534,2023-06-23,Morning,Sandwich,Large,4.78,Card,True,Store A,8
535,2023-06-28,Morning,Coffee,Medium,3.3,Card,True,Store A,2
536,2023-12-27,Morning,Coffee,Small,2.0,Mobile,False,Store A,6
537,2023-01-02,Morning,Coffee,Medium,3.16,Card,True,Store C,4
538,2023-06-12,Evening,Coffee,Medium,3.25,Card,True,Store B,3
539,2023-12-15,Afternoon,Other,Small,3.87,Mobile,False,Store B,9
540,2023-12-13,Afternoon,Pastry,,2.0,Cash,False,Store B,11
541,2023-02-07,Evening,Coffee,Large,5.09,Card,False,Store C,5
542,2023-06-03,Morning,Coffee,Large,2.0,Cash,True,Store A,7
543,2023-07-18,Morning,Pastry,Medium,2.95,Card,True,Store C,12
544,2023-10-03,Morning,Pastry,Small,4.95,Card,True,Store C,1
545,2023-04-11,Morning,Tea,Small,2.22,Cash,True,Store B,14
546,2023-08-23,Morning,Sandwich,Large,4.54,Cash,False,Store C,1
547,2023-06-11,Evening,Coffee,Medium,3.85,Cash,False,Store A,10
548,2023-04-24,Afternoon,Coffee,Medium,2.0,Card,True,Store C,8
549,2023-06-22,Evening,Sandwich,Medium,4.22,Card,True,Store B,12
550,2023-05-01,Morning,Coffee,Small,2.0,Cash,True,Store A,10
551,2023-06-29,Morning,Other,Large,2.0,Card,False,Store B,3
552,2023-01-17,Afternoon,Coffee,Medium,2.0,Card,False,Store B,10
553,2023-01-16,Morning,Tea,,2.0,Cash,True,Store A,9
554,2023-08-28,Afternoon,Sandwich,,7.3,Card,False,Store B,13
555,2023-10-30,Evening,Coffee,Medium,5.88,Card,True,Store A,14
556,2023-01-02,Morning,Coffee,Medium,3.79,Card,False,Store B,12
557,2023-05-01,Morning,Coffee,Small,2.0,Cash,False,Store C,4
558,2023-01-24,Morning,Sandwich,Medium,2.46,Card,True,Store B,3
559,2023-12-13,Afternoon,Tea,Large,3.78,Card,False,Store B,11
560,2023-08-05,Morning,Coffee,Medium,2.0,Card,True,Store B,8
561,2023-03-09,Morning,Pastry,Medium,2.39,Card,True,Store C,4
562,2023-01-10,Morning,Coffee,Large,4.12,Cash,False,Store C,9
563,2023-10-05,Evening,Coffee,Small,2.0,Card,True,Store A,14
564,2023-12-04,Afternoon,Coffee,Small,2.0,Mobile,False,Store B,6
565,2023-12-28,Afternoon,Pastry,Medium,2.0,Card,False,Store B,10
566,2023-11-06,Morning,Pastry,Medium,2.0,Card,False,Store A,4
567,2023-10-12,Afternoon,Coffee,Large,4.05,Mobile,True,Store A,4
568,2023-10-03,Morning,Sandwich,Small,2.0,Cash,True,Store B,3
569,2023-12-19,Morning,Other,Medium,2.0,Cash,True,Store A,6
570,2023-06-20,Morning,Coffee,Medium,6.89,Card,False,Store B,2
571,2023-07-09,Morning,Coffee,Small,2.0,Card,False,Store A,4
572,2023-05-08,Morning,Tea,Medium,6.76,Cash,True,Store C,4
573,2023-03-22,Afternoon,Tea,Medium,4.19,Cash,True,Store A,3
574,2023-06-14,Morning,Coffee,Medium,2.87,Cash,False,Store C,7
575,2023-08-23,Evening,Coffee,Small,2.0,Cash,True,Store C,6
576,2023-03-30,Morning,Pastry,Medium,2.0,Cash,False,Store A,11
577,2023-03-10,Afternoon,Coffee,,3.0,Cash,True,Store B,7
578,2023-12-28,Afternoon,Coffee,,2.0,Card,True,Store B,7
579,2023-03-17,Evening,Pastry,Medium,2.99,Card,True,Store C,11
580,2023-01-17,Morning,Coffee,Medium,5.11,Card,True,Store B,1
581,2023-05-05,Morning,Sandwich,,2.0,Card,False,Store B,9
582,2023-06-30,Morning,Coffee,Small,2.21,Card,True,Store C,6
583,2023-04-02,Evening,Coffee,Medium,7.67,Cash,True,Store B,12
584,2023-03-24,Afternoon,Coffee,Medium,4.82,Card,False,Store A,2
585,2023-01-17,Afternoon,Coffee,Medium,2.0,Card,False,Store C,13
586,2023-09-27,Evening,Coffee,Medium,2.0,Card,True,Store C,1
587,2023-02-04,Morning,Coffee,Medium,2.0,Card,True,Store A,4
588,2023-03-14,Evening,Coffee,Large,10.98,Card,True,Store C,9
589,2023-08-22,Morning,Coffee,Medium,2.1,,False,Store A,3
590,2023-06-10,Morning,Pastry,Medium,2.0,Card,False,Store B,9
591,2023-08-15,Evening,Tea,Small,3.57,Mobile,False,Store B,12
592,2023-01-07,Morning,Pastry,Small,2.0,Card,True,Store A,10
593,2023-01-25,Morning,Coffee,Medium,2.0,Card,True,Store A,10
594,2023-03-12,Morning,Coffee,Large,2.0,Card,True,Store B,10
595,2023-02-17,Afternoon,Sandwich,Large,2.0,Card,False,Store B,4
596,2023-10-07,Morning,Coffee,Medium,2.68,Card,False,Store B,2
597,2023-12-22,Morning,Coffee,Medium,2.0,,False,Store B,13
598,2023-09-06,Afternoon,Coffee,Medium,8.45,Card,False,Store B,6
599,2023-05-18,Afternoon,Tea,Medium,2.0,Card,False,Store B,6
600,2023-07-08,Morning,Coffee,Medium,10.32,Card,True,Store A,9
601,2023-11-24,Morning,Tea,,2.0,Card,False,Store C,4
602,2023-02-21,Afternoon,Tea,Small,3.36,Card,False,Store B,14
603,2023-02-03,Afternoon,Pastry,Medium,2.7,Card,True,Store A,1
604,2023-07-17,Afternoon,Coffee,Medium,4.02,Mobile,False,Store C,9
605,2023-10-15,Afternoon,Sandwich,Medium,3.16,Card,False,Store A,7
606,2023-08-02,Morning,Coffee,Large,5.81,Card,False,Store C,9
607,2023-06-09,Afternoon,Pastry,Medium,2.0,Card,True,Store B,12
608,2023-07-29,Afternoon,Coffee,Medium,2.0,Card,False,Store A,14
609,2023-02-23,Morning,Pastry,Small,5.79,Cash,False,Store A,7
610,2023-01-08,Morning,Tea,Medium,2.0,Cash,False,Store B,3
611,2023-12-06,Afternoon,Coffee,Medium,3.03,,True,Store C,2
612,2023-07-25,Morning,Coffee,Medium,5.64,Card,False,Store C,8
613,2023-10-04,Afternoon,Coffee,Medium,2.31,Card,True,Store B,8
614,2023-07-19,Afternoon,Coffee,Small,2.0,Card,False,Store A,8
615,2023-08-31,Morning,Other,Medium,2.0,Card,True,Store B,2
616,2023-03-18,Afternoon,Tea,Medium,2.0,Card,False,Store C,14
617,2023-10-09,Morning,Coffee,Medium,2.0,Cash,False,Store C,9
618,2023-12-22,Evening,Pastry,Small,2.0,Card,True,Store A,14
619,2023-03-27,Morning,Tea,Large,5.99,Card,False,Store C,13
620,2023-07-29,Morning,Coffee,Medium,2.0,Card,True,Store C,11
621,2023-10-26,Afternoon,Coffee,Medium,3.93,Card,False,Store C,7
622,2023-08-31,Afternoon,Coffee,Large,2.52,Cash,False,Store B,9
623,2023-09-24,Evening,Coffee,Large,3.8,Card,False,Store C,13
624,2023-12-01,Morning,Coffee,Medium,2.0,Card,True,Store A,13
625,2023-07-07,Afternoon,Sandwich,Medium,7.08,Cash,True,Store B,1
626,2023-08-31,Morning,Coffee,Large,2.0,Card,False,Store B,3
627,2023-05-29,Evening,Coffee,Small,2.0,Card,True,Store A,14
628,2023-06-08,Morning,Pastry,Medium,2.0,Card,True,Store A,8
629,2023-01-04,Morning,Pastry,Large,2.0,Card,False,Store B,11
630,2023-03-06,Morning,Coffee,Medium,2.0,Card,True,Store B,8
631,2023-09-26,Morning,Pastry,Small,2.0,,False,Store C,7
632,2023-11-07,Morning,Coffee,Large,2.0,Mobile,False,Store A,1
633,2023-09-28,Morning,Tea,Medium,3.15,Mobile,False,Store C,3
634,2023-10-24,Afternoon,Tea,Large,3.23,Card,True,Store C,5
635,2023-08-16,Morning,Tea,Medium,4.32,Card,True,Store A,1
636,2023-07-08,Morning,Coffee,Medium,2.0,Card,False,Store A,7
637,2023-06-25,Morning,Tea,Medium,2.0,Mobile,True,Store C,6
638,2023-04-19,Morning,Coffee,Large,2.0,Card,False,Store C,13
639,2023-06-15,Afternoon,Coffee,Medium,2.0,Card,False,Store C,3
640,2023-07-14,Morning,Sandwich,Medium,2.0,Card,True,Store C,14
641,2023-03-18,Morning,Coffee,Medium,3.03,Card,True,Store C,9
642,2023-10-10,Morning,Coffee,Medium,2.72,Card,True,Store C,12
643,2023-07-07,Morning,Coffee,Small,2.0,Card,False,Store C,12
644,2023-01-19,Morning,Coffee,Small,2.0,Cash,False,Store B,5
645,2023-07-11,Morning,Tea,Small,9.58,Card,True,Store C,2
646,2023-08-19,Afternoon,Coffee,Large,4.48,Cash,False,Store A,14
647,2023-04-16,Afternoon,Pastry,Large,4.57,Card,True,Store A,11
648,2023-06-13,Afternoon,Pastry,Medium,2.77,Card,False,Store C,5
649,2023-02-20,Afternoon,Tea,Medium,2.0,Mobile,False,Store B,14
650,2023-04-02,Morning,Coffee,Small,2.0,Mobile,False,Store B,1
651,2023-01-17,Morning,Tea,Small,2.0,Cash,False,Store C,5
652,2023-10-06,Morning,Tea,Large,2.0,Card,True,Store C,13
653,2023-04-29,Afternoon,Coffee,Medium,2.03,Card,False,Store B,10
654,2023-07-26,Evening,Coffee,Medium,4.02,Mobile,False,Store B,8
655,2023-12-04,Morning,Pastry,Medium,2.0,,False,Store C,5
656,2023-10-31,Evening,Tea,Medium,2.0,Card,False,Store B,2
657,2023-09-02,Afternoon,Tea,Medium,12.16,Card,False,Store C,6
658,2023-08-05,Evening,Pastry,Medium,2.0,Card,False,Store C,6
659,2023-02-08,Morning,Other,Large,2.0,Card,True,Store C,6
660,2023-03-07,Afternoon,Tea,Large,5.94,Cash,False,Store A,4
661,2023-05-06,Afternoon,Tea,Small,2.77,Card,False,Store C,10
662,2023-01-26,Evening,Coffee,Medium,2.0,Mobile,True,Store B,4
663,2023-06-12,Morning,Coffee,Large,3.48,Card,False,Store A,8
664,2023-08-25,Afternoon,Pastry,Medium,2.46,Cash,False,Store B,14
665,2023-11-24,Afternoon,Pastry,Small,2.0,Card,False,Store B,6
666,2023-05-30,Morning,Tea,Small,4.01,Cash,False,Store A,9
667,2023-09-16,Morning,Coffee,Small,2.0,Card,True,Store A,3
668,2023-05-03,Morning,Coffee,Medium,2.0,Card,True,Store C,10
669,2023-01-14,Afternoon,Pastry,Small,2.0,Cash,True,Store C,12
670,2023-03-22,Morning,Coffee,Small,2.08,Cash,False,Store A,9
671,2023-12-19,Morning,Coffee,Medium,2.0,Card,False,Store C,5
672,2023-06-06,Morning,Coffee,Large,2.0,Cash,True,Store A,2
673,2023-03-01,Evening,Pastry,Small,2.0,Card,False,Store C,5
674,2023-08-18,Morning,Coffee,Small,8.64,Card,True,Store A,8
675,2023-05-18,Morning,Coffee,Small,3.46,Card,True,Store B,14
676,2023-09-10,Evening,Sandwich,Medium,4.78,Card,True,Store C,7
677,2023-09-10,Morning,Sandwich,Large,5.12,Card,True,Store C,2
678,2023-02-08,Afternoon,Tea,Medium,2.0,Mobile,False,Store A,13
679,2023-08-22,Morning,Pastry,Small,2.0,Card,True,Store B,7
680,2023-08-16,Morning,Coffee,Medium,2.0,Card,False,Store B,7
681,2023-10-04,Afternoon,Coffee,Small,2.04,Cash,False,Store B,3
682,2023-02-02,Morning,Coffee,Medium,2.25,Card,False,Store B,11
683,2023-04-30,Afternoon,Pastry,Small,2.0,Card,True,Store B,12
684,2023-06-26,Afternoon,Pastry,Medium,2.0,,False,Store A,14
685,2023-08-12,Afternoon,Coffee,Medium,2.0,Card,False,Store A,10
686,2023-09-26,Morning,Tea,Large,2.0,Card,False,Store A,13
687,2023-02-05,Afternoon,Coffee,Medium,3.69,Card,True,Store C,13
688,2023-09-26,Afternoon,Tea,Small,2.48,Mobile,False,Store C,12
689,2023-05-10,Afternoon,Coffee,Medium,6.85,,False,Store B,4
690,2023-05-10,Morning,Tea,Medium,3.78,Card,True,Store C,9
691,2023-04-03,Afternoon,Tea,Small,2.0,Cash,True,Store B,3
692,2023-01-30,Afternoon,Coffee,Medium,2.0,Mobile,True,Store C,13
693,2023-02-03,Morning,Pastry,Small,2.0,Cash,True,Store A,4
694,2023-06-13,Afternoon,Tea,,2.38,Mobile,False,Store B,1
695,2023-02-08,Afternoon,Coffee,,2.0,Cash,True,Store C,5
696,2023-02-25,Morning,Coffee,Medium,2.0,Cash,True,Store B,14
697,2023-04-29,Morning,Coffee,Medium,2.0,Card,False,Store A,10
698,2023-11-15,Afternoon,Pastry,Large,2.0,Cash,True,Store C,8
699,2023-02-21,Afternoon,Tea,Medium,2.0,Mobile,False,Store A,7
700,2023-06-05,Afternoon,Coffee,Large,2.0,Card,True,Store A,5
701,2023-07-31,Morning,Coffee,Small,2.0,Mobile,False,Store B,8
702,2023-05-20,Morning,Tea,Medium,2.0,Mobile,True,Store B,9
703,2023-09-29,Afternoon,Coffee,Medium,3.91,Card,False,Store B,8
704,2023-02-15,Morning,Pastry,Medium,2.0,Card,False,Store C,8
705,2023-04-30,Morning,Other,Large,4.23,Card,False,Store C,1
706,2023-07-13,Morning,Other,Small,6.97,Mobile,False,Store A,11
707,2023-04-02,Morning,Other,Medium,3.09,Card,False,Store B,5
708,2023-01-16,Morning,Coffee,Medium,2.0,,False,Store B,2
709,2023-08-09,Morning,Coffee,Small,2.38,Mobile,False,Store A,7
710,2023-03-16,Afternoon,Tea,Large,2.0,Card,True,Store C,2
711,2023-08-07,Morning,Tea,Medium,6.34,Card,True,Store B,6
712,2023-12-31,Afternoon,Coffee,Medium,5.49,Mobile,True,Store A,2
713,2023-01-02,Morning,Coffee,Small,10.16,Card,True,Store A,14
714,2023-04-19,Morning,Coffee,Small,5.42,Card,False,Store C,1
715,2023-06-16,Afternoon,Pastry,Medium,2.0,Cash,True,Store C,7
716,2023-05-22,Morning,Coffee,Medium,2.0,Card,False,Store C,11
717,2023-08-26,Afternoon,Pastry,Large,3.63,Card,False,Store C,11
718,2023-12-11,Afternoon,Other,,2.0,,False,Store A,8
719,2023-07-30,Afternoon,Tea,Small,2.0,Card,True,Store A,13
720,2023-05-28,Morning,Tea,Large,3.28,Mobile,False,Store A,2
721,2023-04-06,Morning,Sandwich,Medium,3.36,Card,False,Store C,11
722,2023-03-27,Afternoon,Sandwich,Medium,2.0,Card,True,Store C,9
723,2023-05-22,Morning,Coffee,,2.0,Card,False,Store A,10
724,2023-12-03,Morning,Coffee,Medium,2.0,Card,True,Store A,12
725,2023-07-06,Morning,Coffee,Large,2.0,Cash,False,Store C,1
726,2023-06-27,Evening,Coffee,Small,3.26,Card,True,Store C,4
727,2023-04-18,Evening,Tea,,2.0,Cash,False,Store A,7
728,2023-08-14,Afternoon,Coffee,Large,2.0,Card,False,Store C,1
729,2023-03-15,Afternoon,Tea,Large,4.68,Card,True,Store C,9
730,2023-03-27,Morning,Pastry,Medium,2.59,Card,False,Store B,3
731,2023-05-25,Morning,Coffee,Small,5.61,Card,True,Store A,13
732,2023-08-15,Morning,Pastry,Medium,3.05,Card,False,Store C,4
733,2023-07-04,Morning,Sandwich,Medium,2.0,Card,False,Store A,4
734,2023-09-06,Morning,Coffee,Medium,2.0,Card,True,Store C,5
735,2023-06-11,Evening,Coffee,Large,2.0,Card,False,Store A,2
736,2023-08-02,Morning,Sandwich,Medium,2.0,,True,Store B,2
737,2023-06-23,Morning,Pastry,Small,3.13,Card,False,Store C,7
738,2023-08-20,Afternoon,Pastry,Large,2.0,Card,False,Store B,8
739,2023-04-09,Morning,Tea,Medium,2.0,Mobile,False,Store A,3
740,2023-02-13,Evening,Tea,,5.82,Card,True,Store B,5
741,2023-07-11,Morning,Coffee,Medium,6.34,Card,True,Store B,4
742,2023-08-17,Evening,Sandwich,Medium,4.13,Mobile,True,Store C,11
743,2023-06-03,Afternoon,Pastry,Small,5.39,Card,True,Store A,10
744,2023-03-27,Afternoon,Coffee,Small,5.41,Cash,True,Store A,12
745,2023-02-08,Morning,Coffee,Small,3.1,Card,True,Store A,8
746,2023-10-09,Morning,Coffee,Small,3.66,Card,True,Store B,3
747,2023-09-06,Afternoon,Other,Medium,2.0,Card,False,Store A,12
748,2023-04-28,Morning,Tea,Small,3.09,Card,True,Store C,11
749,2023-06-27,Afternoon,Tea,Medium,2.06,Card,False,Store A,2
750,2023-08-20,Evening,Pastry,Large,2.0,Card,True,Store A,5
751,2023-10-23,Morning,Coffee,Medium,6.6,Cash,True,Store B,4
752,2023-02-14,Morning,Coffee,Medium,7.46,Card,True,Store B,9
753,2023-10-23,Morning,Coffee,Large,3.6,Cash,False,Store A,11
754,2023-01-30,Morning,Tea,Medium,2.0,Card,False,Store B,7
755,2023-02-21,Morning,Coffee,Large,4.39,Card,True,Store C,1
756,2023-05-24,Morning,Coffee,Large,2.0,Card,False,Store B,9
757,2023-04-16,Morning,Pastry,Large,2.6,Card,False,Store B,3
758,2023-02-25,Morning,Coffee,Medium,5.12,Cash,False,Store C,1
759,2023-04-29,Afternoon,Tea,Medium,4.93,Card,True,Store A,1
760,2023-12-16,Morning,Pastry,,7.6,Card,True,Store A,2
761,2023-10-24,Morning,Coffee,Small,2.0,Card,False,Store C,8
762,2023-10-18,Morning,Sandwich,Large,2.0,Card,False,Store C,2
763,2023-08-05,Morning,Coffee,Medium,3.75,Cash,False,Store C,2
764,2023-06-17,Afternoon,Coffee,Large,2.0,Card,False,Store C,12
765,2023-07-25,Morning,Coffee,Small,4.28,Card,True,Store B,10
766,2023-01-11,Evening,Coffee,Medium,5.67,,False,Store C,4
767,2023-01-31,Afternoon,Tea,Small,2.0,Card,True,Store B,11
768,2023-02-27,Evening,Pastry,Large,2.0,Cash,True,Store C,4
769,2023-10-13,Morning,Pastry,Small,2.0,Card,True,Store C,10
770,2023-01-30,Afternoon,Tea,Medium,2.0,Card,False,Store C,14
771,2023-03-27,Morning,Coffee,Medium,4.12,Card,True,Store A,6
772,2023-09-15,Afternoon,Coffee,Large,2.0,Card,False,Store C,4
773,2023-04-08,Morning,Coffee,Medium,3.56,Mobile,True,Store A,9
774,2023-05-25,Morning,Coffee,Medium,2.0,Card,True,Store A,10
775,2023-07-07,Evening,Coffee,Small,10.34,Card,True,Store B,7
776,2023-04-06,Evening,Coffee,Medium,2.0,Card,False,Store B,3
777,2023-01-01,Afternoon,Coffee,Medium,5.54,Card,False,Store C,1
778,2023-12-30,Morning,Pastry,Medium,3.79,Card,True,Store A,8
779,2023-02-27,Evening,Tea,Medium,2.0,Cash,True,Store C,7
780,2023-02-14,Afternoon,Other,Large,6.64,Card,False,Store A,10
781,2023-04-25,Evening,Coffee,Small,2.28,Mobile,True,Store B,12
782,2023-02-28,Morning,Coffee,Small,4.62,Card,True,Store A,1
783,2023-09-06,Morning,Coffee,Medium,3.7,Cash,False,Store B,11
784,2023-10-21,Afternoon,Coffee,Large,6.21,Card,False,Store B,8
785,2023-11-12,Evening,Tea,Large,2.0,Mobile,False,Store B,13
786,2023-06-21,Morning,Coffee,Small,2.96,Card,True,Store B,2
787,2023-03-09,Afternoon,Sandwich,Medium,2.0,Card,True,Store A,11
788,2023-09-09,Morning,Pastry,Large,3.5,Mobile,True,Store C,12
789,2023-08-20,Morning,Sandwich,,2.0,Mobile,False,Store A,6
790,2023-07-29,Morning,Tea,Medium,2.0,Card,True,Store A,5
791,2023-11-29,Morning,Pastry,Small,4.72,Cash,False,Store A,1
792,2023-01-03,Evening,Coffee,Large,5.83,Card,False,Store C,11
793,2023-06-14,Morning,Coffee,Medium,2.0,Card,True,Store C,1
794,2023-08-26,Morning,Sandwich,Small,2.0,Card,True,Store A,9
795,2023-01-29,Morning,Coffee,Medium,2.0,Mobile,False,Store A,11
796,2023-07-19,Evening,Coffee,Medium,2.0,Mobile,False,Store B,14
797,2023-04-06,Morning,Pastry,Large,2.0,Card,True,Store A,1
798,2023-10-13,Morning,Coffee,Medium,6.6,Card,False,Store B,14
799,2023-06-22,Afternoon,Pastry,Medium,2.68,Card,True,Store B,7
800,2023-08-02,Morning,Coffee,Medium,2.0,Card,True,Store C,6
801,2023-02-10,Afternoon,Coffee,Large,3.63,Mobile,True,Store C,6
802,2023-03-09,Morning,Tea,Large,2.0,Cash,True,Store C,12
803,2023-08-05,Afternoon,Pastry,Medium,2.98,Card,False,Store C,12
804,2023-05-24,Evening,Coffee,Large,2.4,Mobile,True,Store A,2
805,2023-01-24,Afternoon,Sandwich,Medium,3.07,Card,False,Store A,5
806,2023-10-29,Morning,Coffee,Large,2.0,Card,True,Store C,5
807,2023-01-29,Afternoon,Other,Medium,2.0,Card,True,Store C,5
808,2023-06-23,Afternoon,Coffee,Large,2.0,Cash,False,Store B,12
809,2023-01-13,Evening,Coffee,Medium,6.61,,False,Store A,6
810,2023-12-26,Morning,Coffee,Medium,2.54,Card,True,Store C,10
811,2023-09-09,Morning,Coffee,Large,2.32,Mobile,False,Store A,13
812,2023-12-13,Afternoon,Coffee,Medium,2.0,Card,True,Store A,2
813,2023-04-14,Afternoon,Tea,Medium,2.0,Card,False,Store C,13
814,2023-04-03,Afternoon,Coffee,Medium,2.74,Cash,False,Store B,6
815,2023-03-07,Afternoon,Coffee,,3.91,Mobile,False,Store A,13
816,2023-08-15,Afternoon,Coffee,Medium,2.0,Mobile,True,Store A,1
817,2023-12-29,Evening,Tea,Small,2.0,Card,True,Store B,13
818,2023-01-10,Morning,Other,Medium,2.0,Card,False,Store A,7
819,2023-01-16,Morning,Coffee,Large,4.96,Card,False,Store A,14
820,2023-09-11,Morning,Tea,Large,3.12,Card,False,Store A,11
821,2023-01-05,Morning,Pastry,Medium,7.35,Cash,False,Store B,11
822,2023-03-16,Morning,Pastry,Small,2.21,Card,False,Store C,7
823,2023-10-21,Afternoon,Coffee,Medium,5.29,Card,True,Store A,11
824,2023-04-10,Morning,Sandwich,Small,3.78,Mobile,False,Store A,11
825,2023-12-18,Morning,Pastry,Medium,6.57,Card,True,Store C,8
826,2023-12-06,Afternoon,Coffee,Large,2.0,Card,False,Store A,13
827,2023-01-30,Afternoon,Pastry,Medium,9.46,Cash,True,Store C,9
828,2023-12-08,Morning,Sandwich,Medium,2.22,Cash,True,Store A,14
829,2023-01-27,Evening,Pastry,Medium,13.15,Mobile,False,Store A,8
830,2023-12-25,Afternoon,Pastry,Medium,7.36,,False,Store C,2
831,2023-03-22,Morning,Coffee,Medium,2.0,Card,True,Store A,8
832,2023-03-02,Morning,Sandwich,Medium,5.8,Mobile,True,Store A,7
833,2023-02-14,Afternoon,Coffee,Medium,3.57,Card,False,Store C,3
834,2023-09-08,Morning,Pastry,Medium,6.69,Card,False,Store C,3
835,2023-05-24,Morning,Tea,Medium,4.44,Mobile,True,Store A,6
836,2023-05-10,Afternoon,Coffee,Large,3.42,Cash,True,Store A,13
837,2023-01-14,Morning,Coffee,Medium,2.05,Card,True,Store B,4
838,2023-06-30,Morning,Tea,Medium,2.86,Card,True,Store C,10
839,2023-05-04,Morning,Coffee,Medium,4.37,Mobile,False,Store C,6
840,2023-02-26,Morning,Coffee,Large,3.53,Cash,False,Store C,9
841,2023-12-12,Afternoon,Coffee,Medium,2.0,Card,True,Store B,5
842,2023-04-16,Morning,Sandwich,Medium,2.0,Mobile,False,Store B,1
843,2023-06-26,Afternoon,Pastry,Small,5.68,Mobile,True,Store B,1
844,2023-05-26,Morning,Sandwich,Medium,2.9,Cash,True,Store A,14
845,2023-02-01,Afternoon,Coffee,Medium,2.72,Mobile,True,Store C,1
846,2023-02-15,Afternoon,Sandwich,Large,2.0,Card,False,Store B,3
847,2023-05-01,Afternoon,Coffee,Medium,2.0,Cash,False,Store B,4
848,2023-11-21,Afternoon,Pastry,Small,3.01,Cash,True,Store B,1
849,2023-04-19,Morning,Coffee,Large,3.17,Card,True,Store A,10
850,2023-02-19,Morning,Sandwich,Medium,5.93,Card,False,Store A,9
851,2023-04-26,Morning,Tea,Medium,2.57,Card,True,Store A,10
852,2023-10-05,Morning,Coffee,Large,2.0,Card,False,Store A,11
853,2023-05-13,Morning,Coffee,,7.27,Card,True,Store B,14
854,2023-07-16,Morning,Coffee,Medium,3.38,Mobile,True,Store C,13
855,2023-11-01,Afternoon,Pastry,Medium,2.0,Card,True,Store A,8
856,2023-11-26,Morning,Coffee,Medium,3.5,Card,True,Store A,5
857,2023-10-16,Afternoon,Coffee,Large,2.0,Cash,False,Store A,5
858,2023-02-10,Afternoon,Coffee,Medium,2.0,Card,False,Store C,8
859,2023-08-20,Afternoon,Sandwich,Medium,3.78,Card,True,Store A,8
860,2023-01-11,Morning,Coffee,Medium,3.25,Card,False,Store B,8
861,2023-07-21,Morning,Coffee,Large,6.94,Card,False,Store A,5
862,2023-03-18,Afternoon,Other,Medium,4.37,Card,False,Store A,5
863,2023-07-21,Afternoon,Sandwich,Small,2.0,Cash,True,Store B,12
864,2023-06-08,Afternoon,Pastry,Small,2.0,,True,Store A,3
865,2023-12-08,Morning,Coffee,Large,2.0,Cash,False,Store B,5
866,2023-12-10,Evening,Coffee,Medium,2.0,Cash,False,Store A,8
867,2023-06-28,Afternoon,Coffee,Medium,2.0,Card,True,Store B,13
868,2023-12-17,Evening,Tea,Medium,2.0,Card,True,Store C,4
869,2023-03-03,Morning,Pastry,Medium,2.99,Card,False,Store C,4
870,2023-05-29,Morning,Other,Medium,2.0,Card,False,Store A,13
871,2023-05-03,Morning,Tea,Medium,2.0,Mobile,False,Store A,12
872,2023-01-26,Morning,Coffee,Small,10.37,Cash,True,Store B,12
873,2023-03-21,Evening,Coffee,Small,2.0,Card,False,Store C,12
874,2023-09-06,Afternoon,Coffee,Large,2.0,Cash,False,Store B,5
875,2023-07-31,Afternoon,Coffee,Medium,2.0,,False,Store B,10
876,2023-11-28,Morning,Pastry,Small,6.03,Card,False,Store A,9
877,2023-07-25,Morning,Coffee,Medium,2.0,Card,False,Store B,4
878,2023-01-06,Afternoon,Tea,Large,6.66,Card,True,Store C,1
879,2023-09-17,Morning,Coffee,Medium,2.97,Card,True,Store C,9
880,2023-01-23,Afternoon,Coffee,Medium,2.0,Card,False,Store C,4
881,2023-01-05,Morning,Coffee,Medium,6.68,Card,True,Store A,7
882,2023-05-20,Afternoon,Coffee,Large,2.0,Mobile,True,Store A,9
883,2023-11-12,Morning,Coffee,Medium,3.43,Cash,False,Store C,13
884,2023-08-06,Morning,Coffee,Small,2.0,Card,False,Store C,13
885,2023-12-18,Morning,Pastry,Medium,3.72,Cash,True,Store A,9
886,2023-12-15,Evening,Coffee,Medium,3.32,Cash,True,Store C,12
887,2023-04-18,Morning,Pastry,Small,2.0,Card,True,Store B,5
888,2023-05-17,Morning,Pastry,Small,2.0,Card,False,Store B,12
889,2023-11-25,Morning,Pastry,Large,2.0,Cash,True,Store B,10
890,2023-06-20,Morning,Pastry,Medium,2.0,Card,False,Store A,9
891,2023-01-22,Morning,Tea,Small,3.05,Mobile,True,Store B,11
892,2023-03-23,Morning,Coffee,Medium,3.7,Mobile,True,Store C,11
893,2023-10-25,Morning,Coffee,Medium,3.27,Card,True,Store B,5
894,2023-07-31,Morning,Coffee,Medium,3.41,Cash,False,Store B,3
895,2023-08-11,Afternoon,Coffee,Small,2.0,Card,False,Store C,11
896,2023-09-12,Morning,Tea,Small,2.0,,True,Store A,8
897,2023-10-04,Morning,Coffee,Medium,4.03,Mobile,False,Store A,1
898,2023-03-20,Morning,Coffee,Medium,2.0,Mobile,False,Store A,13
899,2023-11-17,Afternoon,Coffee,Medium,2.43,Card,False,Store C,7
900,2023-10-10,Evening,Pastry,Small,2.0,Cash,True,Store C,9
901,2023-05-26,Afternoon,Pastry,Medium,2.0,Card,False,Store B,1
902,2023-03-19,Morning,Sandwich,Medium,3.65,Card,True,Store A,2
903,2023-10-28,Morning,Coffee,Large,2.0,Cash,True,Store B,5
904,2023-11-26,Afternoon,Coffee,Large,2.0,Mobile,True,Store B,13
905,2023-02-18,Evening,Tea,Large,2.07,Card,True,Store B,7
906,2023-02-18,Afternoon,Sandwich,Small,2.84,Cash,True,Store C,4
907,2023-12-18,Morning,Coffee,Large,2.5,Mobile,True,Store A,12
908,2023-08-29,Morning,Pastry,Medium,2.05,Cash,False,Store A,13
909,2023-05-13,Morning,Sandwich,Medium,5.57,Card,False,Store A,8
910,2023-03-06,Afternoon,Pastry,Medium,3.27,Cash,True,Store A,4
911,2023-10-06,Morning,Coffee,Small,2.0,Cash,True,Store A,10
912,2023-08-23,Morning,Sandwich,Medium,3.44,Cash,False,Store C,12
913,2023-04-21,Afternoon,Pastry,Medium,2.0,Mobile,True,Store B,8
914,2023-10-26,Morning,Coffee,Medium,4.57,Card,True,Store B,5
915,2023-10-31,Morning,Tea,Medium,2.49,Card,False,Store B,14
916,2023-01-12,Morning,Sandwich,Large,5.41,Card,False,Store A,8
917,2023-04-22,Evening,Coffee,Small,2.07,Cash,False,Store B,5
918,2023-05-19,Afternoon,Tea,Large,2.09,Card,True,Store C,4
919,2023-12-29,Evening,Tea,Medium,2.71,Card,False,Store B,5
920,2023-12-07,Morning,Coffee,Medium,3.51,Card,False,Store B,9
921,2023-04-19,Morning,Coffee,Small,2.0,Card,False,Store A,12
922,2023-12-19,Afternoon,Tea,Small,2.59,Cash,True,Store C,13
923,2023-03-15,Afternoon,Coffee,Small,2.0,Card,False,Store B,8
924,2023-01-18,Morning,Pastry,Large,2.0,Card,True,Store C,2
925,2023-11-11,Morning,Other,Medium,5.84,Mobile,False,Store B,11
926,2023-10-17,Afternoon,Pastry,Small,2.0,Card,False,Store A,7
927,2023-11-12,Evening,Coffee,Small,7.14,Card,False,Store C,6
928,2023-12-07,Evening,Coffee,Medium,7.69,Cash,False,Store A,6
929,2023-06-25,Morning,Sandwich,Large,7.19,Card,True,Store A,9
930,2023-09-08,Afternoon,Coffee,Large,3.51,Mobile,False,Store B,14
931,2023-03-28,Afternoon,Coffee,Medium,2.0,Mobile,False,Store A,9
932,2023-02-25,Afternoon,Pastry,,2.16,Cash,False,Store A,1
933,2023-07-09,Evening,Coffee,Medium,4.07,Card,True,Store A,2
934,2023-02-01,Morning,Coffee,Medium,4.6,Card,True,Store C,3
935,2023-03-14,Evening,Pastry,Medium,2.0,Card,False,Store B,8
936,2023-05-13,Evening,Coffee,Medium,2.0,Cash,False,Store C,2
937,2023-02-28,Evening,Coffee,Small,2.0,Card,True,Store A,1
938,2023-10-20,Afternoon,Tea,Small,4.91,Card,True,Store B,5
939,2023-08-04,Morning,Tea,Medium,2.0,Card,False,Store C,8
940,2023-01-26,Morning,Pastry,,2.6,Card,False,Store C,12
941,2023-05-28,Afternoon,Coffee,Medium,2.0,Card,True,Store C,9
942,2023-08-13,Morning,Coffee,Large,4.44,Mobile,False,Store C,9
943,2023-06-25,Morning,Coffee,Medium,3.34,Cash,True,Store B,2
944,2023-05-26,Evening,Sandwich,Medium,2.89,Cash,False,Store B,14
945,2023-12-20,Morning,Coffee,Medium,2.0,Cash,False,Store C,3
946,2023-07-17,Evening,Coffee,Medium,6.73,Cash,False,Store C,3
947,2023-12-06,Morning,Pastry,Medium,4.02,Card,False,Store A,2
948,2023-08-09,Morning,Tea,Small,5.27,Card,True,Store A,2
949,2023-05-22,Afternoon,Coffee,Medium,4.99,Card,False,Store B,11
950,2023-08-21,Morning,Tea,Small,2.0,,False,Store B,12
951,2023-04-02,Morning,Sandwich,Small,4.41,Mobile,True,Store B,10
952,2023-01-26,Afternoon,Pastry,Medium,7.58,Mobile,False,Store C,2
953,2023-08-14,Afternoon,Pastry,Medium,2.0,Cash,False,Store C,1
954,2023-05-30,Morning,Coffee,Large,2.0,Card,False,Store C,12
955,2023-09-06,Afternoon,Tea,Large,6.65,Card,True,Store B,9
956,2023-12-10,Morning,Coffee,,2.0,Card,False,Store B,11
957,2023-04-28,Evening,Coffee,Large,2.0,Card,False,Store C,12
958,2023-08-29,Afternoon,Coffee,Large,3.49,Cash,False,Store B,1
959,2023-02-09,Morning,Sandwich,Medium,2.0,Card,False,Store C,5
960,2023-07-22,Morning,Pastry,Small,4.4,Cash,False,Store B,1
961,2023-04-15,Afternoon,Coffee,Medium,2.0,Cash,False,Store B,13
962,2023-05-23,Morning,Coffee,Medium,2.15,Card,False,Store B,8
963,2023-12-11,Morning,Coffee,Medium,4.56,Card,False,Store B,12
964,2023-03-22,Evening,Coffee,Small,2.71,Card,False,Store A,14
965,2023-05-01,Evening,Coffee,,6.74,Card,False,Store A,7
966,2023-01-18,Morning,Pastry,Medium,2.0,Card,True,Store A,7
967,2023-01-29,Morning,Sandwich,Small,7.46,Cash,True,Store A,10
968,2023-08-04,Evening,Coffee,Medium,5.02,Card,True,Store C,5
969,2023-01-07,Morning,Coffee,Medium,2.0,Card,False,Store A,4
970,2023-05-23,Morning,Coffee,Small,3.64,Card,False,Store B,14
971,2023-06-11,Morning,Coffee,Small,2.0,Cash,True,Store C,7
972,2023-04-17,Evening,Coffee,Medium,2.12,Mobile,False,Store C,3
973,2023-10-19,Morning,Coffee,Small,2.0,Card,False,Store A,11
974,2023-02-22,Evening,Sandwich,Large,2.0,Mobile,False,Store B,14
975,2023-03-12,Morning,Coffee,Large,2.0,Card,False,Store C,13
976,2023-06-22,Morning,Coffee,Medium,3.44,Card,False,Store B,13
977,2023-10-31,Morning,Pastry,Medium,2.0,Card,False,Store C,13
978,2023-10-15,Morning,Sandwich,Medium,4.91,Card,True,Store B,10
979,2023-08-22,Evening,Pastry,Small,3.12,Card,False,Store C,3
980,2023-06-18,Afternoon,Sandwich,Medium,2.31,Cash,False,Store C,6
981,2023-01-31,Afternoon,Tea,Large,2.0,Card,True,Store A,12
982,2023-03-29,Morning,Coffee,Large,2.0,,False,Store A,1
983,2023-05-10,Evening,Pastry,Small,3.76,,False,Store A,3
984,2023-09-24,Morning,Sandwich,Small,2.69,Card,True,Store C,6
985,2023-09-11,Morning,Coffee,Medium,2.0,Card,False,Store C,8
986,2023-07-13,Morning,Coffee,Large,3.96,,True,Store C,4
987,2023-04-24,Morning,Coffee,Medium,3.88,Card,False,Store A,5
988,2023-07-09,Morning,Tea,Small,2.03,Card,True,Store B,14
989,2023-05-11,Afternoon,Coffee,Medium,10.14,Cash,True,Store C,5
990,2023-04-29,Morning,Tea,Medium,2.0,Card,False,Store A,7
991,2023-12-06,Afternoon,Coffee,Medium,2.0,Card,True,Store A,11
992,2023-11-27,Evening,Coffee,Large,2.0,Card,True,Store C,7
993,2023-01-28,Afternoon,Pastry,Medium,2.18,Card,True,Store B,6
994,2023-01-26,Morning,Coffee,,2.51,Card,True,Store A,6
995,2023-11-13,Afternoon,Sandwich,,2.33,Cash,True,Store A,3
996,2023-09-12,Morning,Other,Small,2.0,Mobile,False,Store B,3
997,2023-02-27,Afternoon,Pastry,Small,4.28,Card,True,Store C,11
998,2023-03-29,Evening,Pastry,Medium,2.0,Cash,True,Store A,6
999,2023-06-14,Afternoon,Coffee,Medium,2.02,Mobile,False,Store B,14
1000,2023-01-13,Evening,Coffee,Medium,4.67,Card,False,Store A,5
1001,2023-10-03,Afternoon,Tea,Small,2.0,Card,True,Store C,8
1002,2023-01-31,Afternoon,Coffee,Medium,2.0,Card,False,Store A,13
1003,2023-03-31,Morning,Coffee,Small,5.5,Mobile,False,Store B,12
1004,2023-05-08,Afternoon,Pastry,Medium,3.93,Card,False,Store A,13
1005,2023-06-27,Morning,Coffee,Large,4.64,Card,True,Store C,10
1006,2023-03-07,Morning,Other,,2.0,,True,Store A,13
1007,2023-07-09,Morning,Pastry,Medium,3.7,Card,True,Store B,1
1008,2023-04-24,Afternoon,Sandwich,Small,3.98,Mobile,True,Store A,8
1009,2023-12-13,Afternoon,Coffee,Medium,3.0,Card,False,Store C,12
1010,2023-05-11,Afternoon,Tea,Medium,4.16,Card,True,Store A,13
1011,2023-12-12,Evening,Pastry,Small,2.0,Card,False,Store B,11
1012,2023-06-27,Morning,Tea,Small,2.0,Card,False,Store B,3
1013,2023-06-22,Evening,Coffee,Medium,4.55,Card,True,Store B,10
1014,2023-09-13,Afternoon,Coffee,Large,2.0,Cash,False,Store A,5
1015,2023-03-30,Morning,Pastry,Large,2.0,Cash,False,Store C,1
1016,2023-08-19,Morning,Coffee,Small,5.52,Mobile,False,Store A,3
1017,2023-01-01,Afternoon,Coffee,Medium,3.89,Cash,False,Store A,12
1018,2023-07-13,Afternoon,Pastry,Medium,2.0,Card,False,Store B,12
1019,2023-11-09,Afternoon,Pastry,Small,5.23,Cash,True,Store B,2
1020,2023-03-13,Morning,Coffee,Medium,4.28,Cash,True,Store B,1
1021,2023-05-21,Afternoon,Coffee,Medium,2.0,Mobile,True,Store C,4
1022,2023-03-11,Afternoon,Other,Medium,2.0,Mobile,False,Store C,13
1023,2023-05-07,Morning,Tea,Medium,2.0,Cash,True,Store A,10
1024,2023-07-08,Morning,Coffee,Small,2.31,Cash,False,Store C,12
1025,2023-04-30,Morning,Coffee,Medium,5.93,Card,True,Store B,13
1026,2023-09-26,Evening,Coffee,Small,6.09,,False,Store C,12
1027,2023-07-19,Afternoon,Coffee,Medium,4.06,Card,False,Store A,12
1028,2023-08-03,Morning,Coffee,Small,3.73,Card,False,Store A,13
1029,2023-06-12,Evening,Sandwich,Medium,2.46,Card,True,Store C,8
1030,2023-11-29,Morning,Sandwich,Small,2.61,Card,False,Store C,8
1031,2023-02-27,Afternoon,Sandwich,Medium,5.12,Cash,True,Store B,8
1032,2023-08-02,Morning,Pastry,Small,2.0,Cash,True,Store B,12
1033,2023-09-01,Morning,Tea,Medium,2.0,Card,False,Store C,8
1034,2023-08-20,Morning,Tea,Large,2.0,Card,False,Store B,5
1035,2023-10-25,Morning,Pastry,Large,2.0,Mobile,True,Store C,6
1036,2023-06-06,Afternoon,Coffee,Medium,2.0,Cash,True,Store B,12
1037,2023-05-14,Afternoon,Coffee,Small,2.0,Cash,True,Store A,12
1038,2023-01-16,Afternoon,Coffee,Medium,2.0,,False,Store A,8
1039,2023-02-28,Afternoon,Tea,Small,3.05,Card,False,Store A,11
1040,2023-10-06,Morning,Coffee,Large,3.36,Card,False,Store B,4
1041,2023-02-09,Morning,Coffee,Small,3.74,Card,False,Store C,14
1042,2023-10-15,Afternoon,Sandwich,Medium,2.84,Card,True,Store A,13
1043,2023-08-03,Evening,Tea,Large,2.0,Card,False,Store B,7
1044,2023-01-03,Morning,Pastry,Small,2.0,Card,False,Store B,8
1045,2023-09-19,Evening,Coffee,Medium,2.86,Mobile,True,Store C,3
1046,2023-05-12,Morning,Pastry,Medium,3.41,Card,False,Store C,3
1047,2023-04-11,Morning,Coffee,Small,3.87,Card,True,Store A,8
1048,2023-05-13,Afternoon,Coffee,Large,2.0,Cash,False,Store C,12
1049,2023-09-16,Afternoon,Tea,Large,2.7,Card,False,Store B,1
1050,2023-01-19,Evening,Coffee,Large,2.0,Card,False,Store A,6
1051,2023-04-04,Afternoon,Coffee,Medium,4.68,Mobile,False,Store B,4
1052,2023-03-07,Morning,Tea,Medium,2.31,Card,False,Store C,8
1053,2023-06-07,Morning,Pastry,Large,2.0,Card,False,Store A,14
1054,2023-02-24,Morning,Coffee,Large,3.93,Mobile,False,Store A,11
1055,2023-04-05,Evening,Pastry,Large,2.0,Cash,False,Store B,11
1056,2023-02-02,Afternoon,Coffee,Large,2.0,Card,False,Store A,4
1057,2023-03-09,Afternoon,Tea,Medium,2.7,Cash,False,Store A,12
1058,2023-12-25,Morning,Other,Small,2.0,Card,True,Store A,13
1059,2023-05-18,Afternoon,Coffee,Medium,3.41,Card,False,Store A,10
1060,2023-01-01,Evening,Coffee,Large,4.06,Mobile,False,Store B,12
1061,2023-08-25,Morning,Coffee,Medium,2.51,Cash,False,Store B,7
1062,2023-12-19,Afternoon,Tea,Medium,2.0,Card,False,Store B,12
1063,2023-06-05,Morning,Tea,Large,5.52,Mobile,True,Store B,14
1064,2023-11-11,Afternoon,Pastry,Large,2.0,,False,Store C,2
1065,2023-12-16,Morning,Tea,Medium,2.8,Mobile,True,Store B,11
1066,2023-11-13,Afternoon,Tea,Small,4.47,Cash,True,Store B,8
1067,2023-09-22,Afternoon,Coffee,Small,2.03,Cash,False,Store B,6
1068,2023-08-15,Morning,Coffee,Small,3.9,Card,True,Store C,3
1069,2023-10-25,Morning,Coffee,Large,2.0,Mobile,False,Store A,3
1070,2023-09-07,Morning,Coffee,Medium,4.84,Card,False,Store A,10
1071,2023-12-20,Afternoon,Coffee,Large,2.43,Card,False,Store C,11
1072,2023-07-17,Morning,Coffee,Large,4.69,,False,Store A,6
1073,2023-05-27,Afternoon,Pastry,Small,6.2,Mobile,True,Store B,3
1074,2023-01-30,Morning,Coffee,Large,4.11,Cash,False,Store A,6
1075,2023-12-05,Afternoon,Coffee,Medium,2.0,Cash,True,Store B,5
1076,2023-07-22,Evening,Sandwich,Medium,2.0,Card,True,Store A,1
1077,2023-07-29,Afternoon,Coffee,Medium,2.09,Mobile,False,Store A,2
1078,2023-11-15,Evening,Coffee,Small,2.0,Card,False,Store C,12
1079,2023-03-22,Afternoon,Other,Medium,2.0,Mobile,False,Store C,11
1080,2023-03-15,Afternoon,Coffee,Medium,2.0,Card,True,Store A,5
1081,2023-09-20,Evening,Pastry,Medium,2.22,Card,False,Store C,12
1082,2023-12-26,Morning,Tea,Medium,2.0,Cash,False,Store C,11
1083,2023-03-24,Evening,Coffee,Medium,4.7,,False,Store B,4
1084,2023-08-05,Morning,Coffee,Medium,2.0,Card,False,Store C,2
1085,2023-08-21,Afternoon,Pastry,Medium,2.0,Card,False,Store B,7
1086,2023-09-10,Morning,Pastry,Medium,2.0,Card,True,Store B,8
1087,2023-01-03,Evening,Coffee,Medium,2.0,Card,False,Store B,10
1088,2023-08-12,Morning,Pastry,Medium,5.64,Card,False,Store C,3
1089,2023-07-27,Evening,Pastry,Medium,2.0,Card,False,Store B,8
1090,2023-01-22,Morning,Tea,Small,2.38,Card,False,Store A,3
1091,2023-03-10,Morning,Sandwich,Small,2.43,Mobile,True,Store A,8
1092,2023-11-23,Evening,Coffee,Medium,2.0,Cash,False,Store A,7
1093,2023-06-11,Morning,Pastry,Large,3.77,Mobile,False,Store A,8
1094,2023-04-15,Afternoon,Sandwich,Medium,2.37,Card,True,Store C,1
1095,2023-07-26,Morning,Pastry,Medium,3.21,Card,False,Store B,2
1096,2023-02-15,Afternoon,Coffee,Medium,2.0,Card,True,Store B,5
1097,2023-12-21,Morning,Sandwich,Large,2.0,Cash,True,Store A,7
1098,2023-06-25,Afternoon,Tea,Small,2.0,Card,True,Store A,12
1099,2023-08-05,Morning,Coffee,Medium,3.44,Cash,True,Store B,13
1100,2023-12-26,Evening,Pastry,Large,2.0,Card,False,Store B,11
1101,2023-06-18,Afternoon,Coffee,Large,3.6,Card,False,Store C,6
1102,2023-03-20,Morning,Pastry,Medium,2.54,Card,True,Store B,14
1103,2023-04-04,Morning,Pastry,Small,2.0,Card,False,Store B,9
1104,2023-05-22,Morning,Coffee,Small,2.0,Card,False,Store C,1
1105,2023-10-13,Afternoon,Tea,Small,2.21,Card,False,Store B,9
1106,2023-01-04,Afternoon,Coffee,Small,2.0,Card,False,Store C,3
1107,2023-04-01,Afternoon,Tea,Small,2.0,Card,True,Store A,3
1108,2023-01-24,Morning,Pastry,Medium,2.0,Card,False,Store C,12
1109,2023-11-30,Morning,Coffee,Medium,2.72,Mobile,False,Store B,1
1110,2023-07-19,Morning,Other,Medium,3.38,Cash,False,Store A,14
1111,2023-05-12,Afternoon,Coffee,Large,2.0,Card,False,Store A,14
1112,2023-06-18,Afternoon,Tea,Medium,6.63,Card,True,Store A,6
1113,2023-05-20,Afternoon,Coffee,Large,2.0,Card,False,Store A,2
1114,2023-09-18,Afternoon,Tea,Medium,4.38,Cash,True,Store B,8
1115,2023-06-04,Evening,Tea,Medium,2.0,Card,False,Store C,10
1116,2023-04-23,Morning,Coffee,Small,2.0,Card,False,Store A,9
1117,2023-12-22,Morning,Coffee,Small,2.22,Card,False,Store A,12
1118,2023-07-11,Afternoon,Pastry,Medium,3.75,Card,False,Store C,3
1119,2023-04-20,Afternoon,Coffee,Medium,3.77,Cash,True,Store B,2
1120,2023-01-17,Morning,Tea,Medium,4.37,Card,False,Store A,4
1121,2023-01-07,Morning,Tea,Small,3.49,Card,False,Store B,7
1122,2023-08-07,Morning,Coffee,Medium,7.21,Card,True,Store C,13
1123,2023-10-09,Morning,Coffee,Medium,3.85,Card,False,Store A,9
1124,2023-03-08,Evening,Pastry,Medium,11.06,Cash,False,Store B,2
1125,2023-03-27,Afternoon,Pastry,Medium,2.0,Card,True,Store B,4
1126,2023-05-26,Afternoon,Sandwich,Small,8.22,Card,False,Store B,2
1127,2023-11-25,Morning,Coffee,Large,3.23,Card,False,Store B,6
1128,2023-06-27,Afternoon,Pastry,Small,3.45,Mobile,False,Store A,2
1129,2023-12-15,Evening,Coffee,Large,4.92,Card,True,Store A,1
1130,2023-04-30,Morning,Coffee,Medium,2.0,Card,True,Store A,3
1131,2023-12-19,Morning,Coffee,Large,2.07,Card,False,Store A,3
1132,2023-10-28,Morning,Coffee,Medium,2.48,Cash,True,Store C,8
1133,2023-09-20,Afternoon,Pastry,Small,2.3,Cash,False,Store C,12
1134,2023-12-19,Morning,Sandwich,Medium,2.93,Card,True,Store B,1
1135,2023-03-10,Morning,Sandwich,Medium,2.82,Card,True,Store C,3
1136,2023-06-14,Morning,Coffee,Large,2.73,,False,Store C,12
1137,2023-11-26,Morning,Pastry,Medium,2.0,Card,False,Store B,12
1138,2023-01-08,Evening,Other,Medium,4.33,Cash,False,Store B,12
1139,2023-01-01,Morning,Tea,Medium,6.38,Card,True,Store B,2
1140,2023-10-23,Morning,Coffee,Small,6.86,Card,True,Store C,4
1141,2023-09-01,Morning,Pastry,Small,2.0,Mobile,False,Store C,6
1142,2023-10-13,Morning,Sandwich,Medium,2.0,Cash,False,Store A,5
1143,2023-10-04,Afternoon,Coffee,Small,4.21,Card,False,Store B,13
1144,2023-08-17,Morning,Coffee,,3.64,Card,False,Store A,6
1145,2023-11-06,Evening,Tea,Large,5.5,Card,False,Store B,8
1146,2023-03-26,Evening,Pastry,Medium,2.34,Mobile,True,Store B,13
1147,2023-08-28,Morning,Coffee,Large,7.84,Card,False,Store B,13
1148,2023-03-14,Afternoon,Sandwich,Small,5.65,Card,True,Store B,10
1149,2023-07-31,Afternoon,Coffee,Small,2.0,,False,Store A,5
1150,2023-04-04,Evening,Coffee,Medium,2.0,Card,False,Store B,1
1151,2023-03-07,Morning,Coffee,Medium,2.0,Card,False,Store B,4
1152,2023-07-15,Evening,Coffee,Medium,2.0,Cash,False,Store B,12
1153,2023-04-06,Morning,Pastry,Small,2.03,Card,False,Store C,4
1154,2023-05-11,Evening,Tea,Small,3.28,Mobile,False,Store B,8
1155,2023-12-17,Morning,Coffee,Medium,2.67,Cash,False,Store C,9
1156,2023-10-12,Morning,Pastry,Medium,3.69,Card,True,Store C,7
1157,2023-11-30,Morning,Tea,Large,2.0,Mobile,False,Store A,13
1158,2023-08-04,Afternoon,Coffee,Small,3.82,Card,False,Store B,5
1159,2023-04-06,Morning,Coffee,Large,4.83,Cash,True,Store B,6
1160,2023-09-06,Morning,Coffee,Medium,4.44,Card,False,Store A,8
1161,2023-05-30,Morning,Coffee,Medium,4.3,Card,False,Store C,2
1162,2023-03-04,Evening,Tea,Large,2.0,Cash,True,Store B,7
1163,2023-07-22,Morning,Sandwich,Medium,5.83,Mobile,False,Store A,10
1164,2023-03-05,Afternoon,Coffee,Medium,3.92,Cash,False,Store B,8
1165,2023-09-08,Evening,Pastry,Medium,3.9,Cash,True,Store A,2
1166,2023-10-14,Afternoon,Coffee,Medium,2.04,Mobile,True,Store A,14
1167,2023-08-28,Evening,Coffee,Medium,4.62,Card,True,Store B,11
1168,2023-04-20,Morning,Pastry,Large,2.0,Card,False,Store B,2
1169,2023-11-08,Afternoon,Tea,,3.1,Cash,True,Store C,12
1170,2023-06-01,Morning,Sandwich,Large,2.0,Cash,False,Store A,13
1171,2023-01-05,Morning,Other,Medium,2.44,Card,True,Store C,3
1172,2023-01-08,Morning,Pastry,Small,6.93,Card,False,Store B,8
1173,2023-07-24,Morning,Coffee,,6.48,Card,False,Store B,11
1174,2023-09-27,Morning,Coffee,Medium,2.0,Card,False,Store B,11
1175,2023-09-12,Morning,Coffee,Small,2.0,Card,True,Store C,10
1176,2023-11-26,Evening,Coffee,Medium,2.54,Cash,False,Store C,9
1177,2023-05-31,Morning,Coffee,Medium,4.95,Cash,False,Store A,3
1178,2023-05-21,Morning,Coffee,Medium,2.0,Card,True,Store B,3
1179,2023-01-03,Afternoon,Pastry,Medium,4.96,Cash,False,Store C,8
1180,2023-09-23,Afternoon,Coffee,Large,2.0,Cash,True,Store C,2
1181,2023-12-25,Afternoon,Pastry,,5.93,Cash,True,Store B,13
1182,2023-08-14,Afternoon,Coffee,Large,2.0,Card,True,Store C,12
1183,2023-07-06,Morning,Sandwich,Small,2.0,Mobile,False,Store A,7
1184,2023-10-11,Morning,Pastry,Medium,3.94,Mobile,False,Store C,7
1185,2023-12-07,Morning,Coffee,,2.9,Card,False,Store B,5
1186,2023-12-31,Evening,Tea,Medium,2.0,Card,True,Store C,6
1187,2023-05-19,Morning,Coffee,Large,2.0,Card,False,Store A,13
1188,2023-10-03,Morning,Coffee,Small,2.0,Mobile,False,Store B,6
1189,2023-10-07,Afternoon,Coffee,Large,2.79,Mobile,False,Store A,3
1190,2023-08-26,Afternoon,Coffee,Medium,2.0,Cash,True,Store A,11
1191,2023-10-05,Afternoon,Sandwich,Medium,2.99,Card,False,Store C,13
1192,2023-04-10,Morning,Tea,Small,3.62,Cash,True,Store A,3
1193,2023-11-05,Morning,Coffee,Large,2.9,,False,Store C,11
1194,2023-09-08,Morning,Other,,5.4,Card,True,Store C,4
1195,2023-02-19,Afternoon,Coffee,Medium,3.9,Card,True,Store B,12
1196,2023-08-08,Morning,Sandwich,Large,2.0,Card,False,Store C,6
1197,2023-05-30,Afternoon,Other,Small,2.0,Card,True,Store C,3
1198,2023-01-31,Afternoon,Tea,Large,2.94,Cash,True,Store A,6
1199,2023-12-23,Morning,Coffee,Medium,2.33,Card,True,Store C,7
1200,2023-06-26,Afternoon,Coffee,Small,6.45,Card,False,Store B,13
1201,2023-08-01,Morning,Coffee,Large,2.0,Card,True,Store B,11
1202,2023-03-02,Morning,Tea,Medium,2.0,Card,True,Store B,6
1203,2023-08-15,Morning,Coffee,Medium,2.0,Mobile,False,Store C,1
1204,2023-01-09,Morning,Pastry,Large,3.63,Cash,False,Store C,12
1205,2023-09-04,Afternoon,Coffee,Small,2.0,Card,True,Store A,14
1206,2023-10-20,Morning,Tea,,3.51,Cash,False,Store C,1
1207,2023-09-10,Morning,Sandwich,Medium,7.13,Card,False,Store B,5
1208,2023-02-06,Afternoon,Other,Medium,2.0,Cash,True,Store B,13
1209,2023-07-08,Morning,Coffee,Medium,3.96,Card,False,Store B,6
1210,2023-05-18,Afternoon,Coffee,Medium,2.0,Card,False,Store A,8
1211,2023-02-26,Afternoon,Coffee,Large,2.0,Card,True,Store C,13
1212,2023-03-15,Afternoon,Coffee,,2.0,Card,False,Store C,6
1213,2023-07-12,Afternoon,Pastry,Small,4.45,Card,True,Store B,6
1214,2023-03-17,Morning,Coffee,Large,5.51,,True,Store B,10
1215,2023-12-28,Afternoon,Coffee,Large,5.36,Card,False,Store B,1
1216,2023-07-11,Morning,Coffee,,2.12,Mobile,False,Store A,2
1217,2023-10-04,Morning,Tea,Medium,2.0,Card,True,Store B,11
1218,2023-11-09,Morning,Coffee,Medium,2.0,Card,True,Store A,1
1219,2023-06-09,Afternoon,Coffee,Medium,2.0,Card,True,Store A,12
1220,2023-03-20,Morning,Other,Medium,2.0,Cash,False,Store C,7
1221,2023-07-31,Afternoon,Coffee,Medium,5.17,Card,False,Store A,10
1222,2023-05-15,Morning,Sandwich,Small,5.07,Card,False,Store B,9
1223,2023-04-25,Afternoon,Coffee,Medium,2.76,Card,True,Store B,9
1224,2023-04-14,Morning,Coffee,Medium,2.0,Card,False,Store A,13
1225,2023-04-28,Afternoon,Tea,Small,2.0,Cash,True,Store B,14
1226,2023-04-02,Morning,Sandwich,Medium,2.0,,True,Store A,6
1227,2023-01-03,Afternoon,Coffee,Medium,5.8,Card,True,Store C,2
1228,2023-06-28,Morning,Coffee,Medium,2.0,Card,True,Store A,7
1229,2023-04-30,Morning,Tea,Small,2.0,Card,False,Store B,3
1230,2023-05-02,Afternoon,Other,Small,2.0,Card,True,Store A,11
1231,2023-04-19,Afternoon,Sandwich,Medium,2.0,Card,True,Store B,12
1232,2023-10-03,Afternoon,Coffee,Small,2.53,Cash,True,Store B,7
1233,2023-05-26,Evening,Coffee,Medium,2.0,Card,True,Store C,3
1234,2023-04-06,Morning,Coffee,Large,2.0,Card,False,Store C,11
1235,2023-11-20,Morning,Coffee,Large,8.26,Cash,True,Store A,5
1236,2023-06-10,Evening,Pastry,Small,2.46,Card,False,Store B,13
1237,2023-07-01,Afternoon,Coffee,,2.51,Card,False,Store B,11
1238,2023-04-30,Evening,Coffee,Medium,2.0,Card,True,Store A,9
1239,2023-06-14,Afternoon,Coffee,Small,2.0,Card,True,Store A,5
1240,2023-02-22,Morning,Tea,Medium,4.74,Card,False,Store A,4
1241,2023-09-20,Afternoon,Coffee,,2.88,Card,True,Store B,9
1242,2023-09-02,Morning,Coffee,Small,4.37,Card,True,Store A,7
1243,2023-01-17,Morning,Sandwich,Medium,4.18,Cash,False,Store C,9
1244,2023-10-26,Evening,Coffee,Large,15.0,Card,True,Store C,6
1245,2023-09-05,Afternoon,Coffee,Small,2.0,Card,True,Store B,2
1246,2023-01-08,Evening,Coffee,Medium,7.72,Card,False,Store A,8
1247,2023-05-27,Afternoon,Coffee,Small,6.5,Card,False,Store A,8
1248,2023-01-28,Evening,Coffee,Medium,2.66,Card,False,Store B,5
1249,2023-05-21,Morning,Sandwich,Medium,2.0,Card,False,Store C,6
1250,2023-02-06,Morning,Coffee,Medium,3.73,Card,False,Store C,14
1251,2023-03-08,Afternoon,Pastry,Medium,2.0,Card,True,Store A,8
1252,2023-03-14,Afternoon,Coffee,Small,5.01,Card,True,Store A,14
1253,2023-06-25,Afternoon,Other,Medium,2.95,Card,True,Store A,11
1254,2023-06-19,Morning,Tea,Large,2.0,Cash,False,Store A,9
1255,2023-05-22,Afternoon,Other,Medium,2.24,Card,True,Store C,3
1256,2023-08-16,Evening,Tea,Small,3.26,Cash,True,Store C,5
1257,2023-08-02,Morning,Coffee,Large,2.28,,False,Store A,7
1258,2023-01-26,Afternoon,Pastry,Medium,2.0,Card,True,Store A,2
1259,2023-11-11,Afternoon,Coffee,Medium,6.07,Card,True,Store A,4
1260,2023-05-07,Morning,Sandwich,,2.07,Card,True,Store B,4
1261,2023-08-20,Morning,Coffee,Large,2.0,Card,True,Store A,1
1262,2023-04-22,Evening,Pastry,,2.0,Card,True,Store A,4
1263,2023-08-23,Afternoon,Pastry,Large,3.87,Cash,True,Store C,12
1264,2023-10-19,Morning,Coffee,Medium,2.0,Mobile,True,Store B,14
1265,2023-04-25,Morning,Sandwich,Medium,2.64,Card,False,Store B,8
1266,2023-06-04,Evening,Pastry,Medium,2.0,Card,False,Store B,8
1267,2023-05-20,Morning,Coffee,Medium,3.1,Cash,False,Store C,3
1268,2023-06-13,Morning,Coffee,Large,5.39,Cash,True,Store C,8
1269,2023-02-24,Morning,Coffee,Medium,6.34,Card,False,Store C,5
1270,2023-09-16,Morning,Sandwich,Small,2.0,Card,False,Store B,4
1271,2023-12-17,Afternoon,Pastry,Medium,2.0,Mobile,True,Store B,4
1272,2023-08-24,Afternoon,Sandwich,Medium,2.27,Card,False,Store C,5
1273,2023-01-19,Morning,Coffee,Large,2.0,Card,True,Store B,7
1274,2023-05-26,Afternoon,Pastry,Large,2.0,Card,True,Store B,1
1275,2023-08-29,Morning,Pastry,Large,2.0,Mobile,True,Store A,3
1276,2023-11-30,Morning,Pastry,Small,4.22,Card,False,Store B,7
1277,2023-02-20,Afternoon,Sandwich,Large,2.0,Card,True,Store A,1
1278,2023-09-10,Evening,Sandwich,Medium,2.0,Card,True,Store B,12
1279,2023-11-10,Morning,Coffee,Large,7.08,Card,False,Store A,7
1280,2023-12-13,Morning,Coffee,Small,3.1,Card,True,Store A,6
1281,2023-08-22,Afternoon,Tea,Medium,2.0,,False,Store C,12
1282,2023-03-09,Afternoon,Coffee,Medium,2.85,Card,False,Store C,1
1283,2023-06-23,Evening,Coffee,Large,4.25,Card,False,Store C,3
1284,2023-03-06,Morning,Coffee,Medium,6.57,Card,True,Store A,9
1285,2023-08-05,Afternoon,Coffee,Large,2.0,Card,True,Store A,1
1286,2023-05-27,Morning,Sandwich,Large,2.0,Card,False,Store C,1
1287,2023-10-26,Afternoon,Tea,Small,2.0,Card,False,Store C,12
1288,2023-10-06,Morning,Pastry,,2.0,Card,True,Store C,2
1289,2023-02-02,Afternoon,Sandwich,Large,3.14,Card,False,Store B,8
1290,2023-05-25,Afternoon,Tea,Small,2.0,Card,False,Store B,11
1291,2023-07-06,Afternoon,Coffee,Medium,2.0,Card,False,Store A,8
1292,2023-02-02,Morning,Pastry,Medium,8.1,,False,Store A,10
1293,2023-07-22,Morning,Pastry,Large,4.94,Card,False,Store A,1
1294,2023-06-15,Evening,Coffee,Small,2.0,Card,False,Store A,5
1295,2023-10-22,Morning,Other,Medium,2.73,Card,True,Store B,6
1296,2023-12-30,Afternoon,Coffee,Medium,5.41,Cash,False,Store A,7
1297,2023-01-21,Afternoon,Sandwich,Small,3.25,Card,False,Store A,14
1298,2023-08-10,Afternoon,Coffee,Medium,2.5,Card,True,Store C,4
1299,2023-01-25,Evening,Pastry,Small,2.0,Card,False,Store C,13
1300,2023-05-06,Afternoon,Pastry,Medium,4.77,Cash,True,Store C,6
1301,2023-09-21,Afternoon,Coffee,Small,2.0,Card,True,Store A,5
1302,2023-07-19,Afternoon,Sandwich,Medium,5.52,Card,False,Store A,9
1303,2023-10-03,Morning,Pastry,Medium,3.1,Mobile,True,Store A,1
1304,2023-06-12,Morning,Coffee,Large,6.07,Card,True,Store A,5
1305,2023-11-19,Morning,Pastry,Small,5.04,Cash,True,Store B,5
1306,2023-01-25,Morning,Pastry,Medium,2.6,Cash,True,Store B,7
1307,2023-02-16,Afternoon,Coffee,Medium,2.86,Card,False,Store B,13
1308,2023-03-09,Morning,Pastry,,4.03,Card,False,Store B,2
1309,2023-08-12,Afternoon,Tea,Large,3.93,Card,False,Store A,12
1310,2023-11-28,Afternoon,Pastry,Medium,10.0,Mobile,False,Store C,14
1311,2023-05-12,Morning,Pastry,Large,2.0,Cash,True,Store B,14
1312,2023-08-25,Evening,Sandwich,Large,2.11,Card,True,Store B,1
1313,2023-09-04,Morning,Coffee,Large,2.08,Card,False,Store A,7
1314,2023-01-15,Evening,Pastry,,2.0,Mobile,False,Store C,3
1315,2023-12-19,Afternoon,Other,Large,2.35,Card,False,Store C,2
1316,2023-09-20,Afternoon,Coffee,Medium,3.69,Cash,False,Store A,11
1317,2023-09-16,Morning,Pastry,Medium,5.52,Mobile,False,Store B,8
1318,2023-04-20,Morning,Coffee,Small,2.13,Card,True,Store C,4
1319,2023-06-12,Evening,Coffee,Large,2.0,Card,False,Store A,5
1320,2023-03-10,Morning,Pastry,Large,2.0,Card,False,Store A,3
1321,2023-05-22,Morning,Pastry,Medium,3.31,Card,True,Store C,12
1322,2023-01-05,Evening,Pastry,Large,2.0,Cash,False,Store C,9
1323,2023-03-03,Afternoon,Tea,Large,4.34,Card,True,Store C,12
1324,2023-06-20,Evening,Sandwich,Small,2.0,Card,False,Store B,12
1325,2023-09-20,Morning,Tea,Medium,5.11,Card,False,Store C,7
1326,2023-04-14,Afternoon,Coffee,Large,5.16,Card,True,Store A,4
1327,2023-06-22,Evening,Sandwich,,2.0,Card,False,Store B,1
1328,2023-06-14,Afternoon,Coffee,Large,2.0,Card,True,Store B,5
1329,2023-05-05,Evening,Coffee,Small,2.0,Cash,False,Store C,10
1330,2023-06-09,Morning,Pastry,Large,2.71,Card,False,Store A,5
1331,2023-02-11,Evening,Sandwich,Large,3.48,Card,False,Store C,1
1332,2023-05-13,Morning,Tea,Small,4.16,Card,False,Store A,9
1333,2023-01-10,Morning,Tea,Small,8.99,Card,False,Store B,10
1334,2023-02-13,Morning,Coffee,Medium,3.6,Card,False,Store B,4
1335,2023-05-18,Afternoon,Pastry,Medium,3.08,Card,True,Store B,10
1336,2023-10-01,Afternoon,Other,Medium,2.0,Card,False,Store C,11
1337,2023-03-25,Afternoon,Coffee,Medium,2.0,Card,True,Store A,12
1338,2023-03-04,Morning,Coffee,Small,2.0,Card,False,Store B,11
1339,2023-11-27,Evening,Sandwich,Small,2.69,Card,True,Store B,11
1340,2023-10-26,Evening,Pastry,Small,3.13,Mobile,True,Store B,4
1341,2023-07-20,Morning,Tea,Large,2.0,Cash,True,Store B,12
1342,2023-04-01,Afternoon,Coffee,Large,2.0,Cash,True,Store A,9
1343,2023-02-23,Morning,Tea,Small,3.01,Card,False,Store A,7
1344,2023-07-25,Morning,Coffee,Medium,2.0,Card,False,Store B,1
1345,2023-05-19,Afternoon,Coffee,Medium,2.0,Cash,False,Store C,4
1346,2023-03-15,Afternoon,Coffee,Small,4.12,Mobile,False,Store A,13
1347,2023-12-01,Evening,Sandwich,Medium,2.94,,False,Store B,5
1348,2023-09-12,Morning,Pastry,Large,2.0,Card,False,Store B,9
1349,2023-01-24,Evening,Other,Medium,2.0,Mobile,False,Store B,3
1350,2023-02-02,Afternoon,Coffee,Small,2.0,Cash,True,Store A,9
1351,2023-08-14,Morning,Tea,Small,6.61,Card,False,Store A,6
1352,2023-03-20,Morning,Pastry,Medium,5.16,Mobile,False,Store A,14
1353,2023-06-24,Evening,Other,Medium,2.3,Card,False,Store B,9
1354,2023-08-18,Evening,Pastry,Medium,3.48,,True,Store B,4
1355,2023-02-10,Afternoon,Pastry,Small,2.2,Card,False,Store C,14
1356,2023-11-24,Afternoon,Tea,Medium,3.81,Card,False,Store A,1
1357,2023-12-04,Evening,Coffee,Large,2.0,Cash,False,Store B,4
1358,2023-09-19,Afternoon,Coffee,Medium,6.93,Card,True,Store A,8
1359,2023-05-22,Morning,Coffee,Medium,2.0,Card,True,Store A,10
1360,2023-08-28,Morning,Pastry,Small,2.0,Card,False,Store B,7
1361,2023-07-12,Afternoon,Tea,Large,3.55,Card,False,Store A,1
1362,2023-04-15,Afternoon,Coffee,Medium,2.75,Card,True,Store B,7
1363,2023-12-02,Afternoon,Pastry,Small,2.64,Mobile,True,Store A,3
1364,2023-01-22,Afternoon,Tea,Small,7.8,Card,True,Store A,2
1365,2023-05-05,Morning,Tea,Small,5.96,Card,True,Store A,3
1366,2023-08-20,Evening,Tea,Medium,4.28,Cash,True,Store B,3
1367,2023-12-19,Afternoon,Coffee,Small,7.68,Mobile,True,Store A,10
1368,2023-08-28,Morning,Coffee,,3.78,Card,True,Store A,14
1369,2023-03-23,Afternoon,Pastry,Medium,4.45,Card,False,Store B,14
1370,2023-06-01,Evening,Tea,Small,2.0,Card,True,Store A,9
1371,2023-10-31,Morning,Pastry,Large,2.0,Cash,False,Store B,8
1372,2023-02-09,Evening,Pastry,Medium,5.24,,False,Store C,13
1373,2023-06-24,Afternoon,Coffee,Medium,3.66,Card,True,Store B,6
1374,2023-12-17,Morning,Sandwich,Medium,7.03,Cash,True,Store A,7
1375,2023-05-14,Afternoon,Pastry,,2.0,Card,True,Store B,11
1376,2023-05-04,Morning,Sandwich,Medium,2.34,Card,True,Store C,4
1377,2023-04-30,Morning,Coffee,Medium,4.08,Mobile,True,Store A,5
1378,2023-09-30,Evening,Coffee,Small,2.0,Card,True,Store A,1
1379,2023-10-17,Morning,Sandwich,Medium,2.1,,True,Store C,3
1380,2023-12-23,Evening,Pastry,Medium,5.2,Cash,True,Store C,4
1381,2023-03-25,Morning,Tea,Large,2.0,Cash,False,Store B,10
1382,2023-11-20,Morning,Coffee,,6.41,Card,False,Store B,6
1383,2023-10-07,Morning,Coffee,Small,2.81,Card,False,Store B,4
1384,2023-06-20,Afternoon,Coffee,Small,5.92,Card,False,Store B,7
1385,2023-05-30,Evening,Coffee,Medium,2.0,Card,False,Store C,14
1386,2023-02-18,Afternoon,Coffee,Small,2.11,Mobile,False,Store A,6
1387,2023-04-01,Afternoon,Other,Medium,2.0,Card,False,Store A,6
1388,2023-04-26,Afternoon,Coffee,Medium,3.74,Cash,False,Store B,1
1389,2023-11-08,Afternoon,Tea,Small,2.0,Card,False,Store A,12
1390,2023-01-29,Evening,Tea,Medium,3.25,Mobile,True,Store A,6
1391,2023-09-24,Morning,Pastry,Medium,2.0,Card,True,Store B,2
1392,2023-12-17,Afternoon,Coffee,Large,2.62,Card,False,Store B,1
1393,2023-11-18,Morning,Pastry,Large,5.23,Cash,True,Store C,14
1394,2023-11-16,Evening,Coffee,Medium,2.17,Cash,True,Store B,4
1395,2023-12-02,Afternoon,Coffee,Medium,6.15,Mobile,False,Store C,13
1396,2023-11-12,Morning,Coffee,Small,8.66,Card,True,Store A,4
1397,2023-11-29,Morning,Coffee,Medium,2.0,Card,False,Store A,7
1398,2023-07-09,Morning,Pastry,Medium,2.0,Card,False,Store A,5
1399,2023-08-10,Evening,Sandwich,Medium,2.0,Card,False,Store C,10
1400,2023-03-23,Morning,Tea,Large,4.53,Card,False,Store B,10
